rpcq_id,name,category,date,address,municipality,statut,statuts_anterieurs,in_registre,url
167996,Ancien couvent de Saint-Louis-de-France,"Services et institutions (Couvents, monastères et abbayes)",1882 (Construction),"775, rue Saint-Louis",Terrebonne,Déclaration — Situé dans un site patrimonial (2026-05-20) | Citation — Immeuble patrimonial (2021-09-13) | Délimitation — Situé dans une aire de protection | Inventorié — --,"Recommandation ministérielle de déclaration, 2025-06-20",oui,https://www.patrimoine-culturel.gouv.qc.ca/detail.do?methode=consulter&id=167996&type=bien
232882,Ancien magasin Salomon-Jacques,Fonction commerciale (Commerces de vente au détail > Magasins généraux),1923 (Rénovation),"803, rue Saint-Pierre ; 805, rue Saint-Pierre",Terrebonne,Déclaration — Situé dans un site patrimonial (2026-05-20) | Délimitation — Situé dans une aire de protection | Inventorié — --,"Recommandation ministérielle de déclaration, 2025-06-20",non,https://www.patrimoine-culturel.gouv.qc.ca/detail.do?methode=consulter&id=232882&type=bien
211827,Ancienne église anglicane Saint-Michael,"Services et institutions (Églises, temples, synagogues et mosquées)",1895 (Construction) ; 2020 (Agrandissement),"1011, rue Saint-Louis",Terrebonne,Déclaration — Situé dans un site patrimonial (2026-05-20) | Citation — Immeuble patrimonial (2021-09-13) | Délimitation — Situé dans une aire de protection,"Recommandation ministérielle de déclaration, 2025-06-20",oui,https://www.patrimoine-culturel.gouv.qc.ca/detail.do?methode=consulter&id=211827&type=bien
105694,Barrage d'alimentation de l'île des Moulins,"Transport, communication et services publics (Installations électriques > Barrages hydroélectriques et installations connexes)",,,Terrebonne,Classement — Situé dans un immeuble patrimonial | Déclaration — Situé dans un site patrimonial (2026-05-20),"Recommandation ministérielle de déclaration, 2025-06-20",non,https://www.patrimoine-culturel.gouv.qc.ca/detail.do?methode=consulter&id=105694&type=bien
105693,Barrage de contrôle de l'île des Moulins,"Transport, communication et services publics (Installations électriques > Barrages hydroélectriques et installations connexes)",,,Terrebonne,Classement — Situé dans un immeuble patrimonial | Déclaration — Situé dans un site patrimonial (2026-05-20),"Recommandation ministérielle de déclaration, 2025-06-20",non,https://www.patrimoine-culturel.gouv.qc.ca/detail.do?methode=consulter&id=105693&type=bien
199039,Boulangerie,"Fonction industrielle, transformation de matières végétales et animales (Boulangeries)",vers 1803 (Construction),"940, place de l'Île-des-Moulins",Terrebonne,Classement — Situé dans un immeuble patrimonial | Déclaration — Situé dans un site patrimonial (2026-05-20),"Recommandation ministérielle de déclaration, 2025-06-20",non,https://www.patrimoine-culturel.gouv.qc.ca/detail.do?methode=consulter&id=199039&type=bien
239101,Boulevard des Braves,"Transport, communication et services publics (Routes et voies publiques)",,boulevard des Braves,Terrebonne,Déclaration — Situé dans un site patrimonial (2026-05-20),"Recommandation ministérielle de déclaration, 2025-06-20",non,https://www.patrimoine-culturel.gouv.qc.ca/detail.do?methode=consulter&id=239101&type=bien
105691,Bureau seigneurial de l'île des Moulins,Fonction résidentielle (Manoirs seigneuriaux),vers 1845 (Construction),"900, place de l'Île-des-Moulins",Terrebonne,Classement — Situé dans un immeuble patrimonial | Déclaration — Situé dans un site patrimonial (2026-05-20),"Recommandation ministérielle de déclaration, 2025-06-20",non,https://www.patrimoine-culturel.gouv.qc.ca/detail.do?methode=consulter&id=105691&type=bien
232869,Château Millette,Fonction résidentielle (Maisons rurales et urbaines),1914 (Construction),"939, rue Saint-Louis",Terrebonne,Déclaration — Situé dans un site patrimonial (2026-05-20) | Citation — Immeuble patrimonial (2021-09-13) | Inventorié — -- | Délimitation — Situé dans une aire de protection,"Recommandation ministérielle de déclaration, 2025-06-20",oui,https://www.patrimoine-culturel.gouv.qc.ca/detail.do?methode=consulter&id=232869&type=bien
238743,Château de la Rive,Fonction résidentielle (Édifices à logements multiples),1991 (Construction),"734, rue Saint-Jean-Baptiste",Terrebonne,Déclaration — Situé dans un site patrimonial (2026-05-20) | Inventorié — --,"Recommandation ministérielle de déclaration, 2025-06-20",non,https://www.patrimoine-culturel.gouv.qc.ca/detail.do?methode=consulter&id=238743&type=bien
92594,Ensemble d'immeubles patrimoniaux de l'Île-des-Moulins,Non applicable,,"900, place de l'Île-des-Moulins",Terrebonne,Classement — Immeuble patrimonial (1973-12-12) | Déclaration — Situé dans un site patrimonial (2026-05-20),"1 - Extérieur exceptionnel | 6 - Intérieur notable | 8 - Terrain supérieur | 10 - Bien classé pour son intérêt archéologique | Classement, 1973-07-09 | Recommandation ministérielle de déclaration, 2025-06-20",oui,https://www.patrimoine-culturel.gouv.qc.ca/detail.do?methode=consulter&id=92594&type=bien
232831,Gloriettes du Parc des Braves,"Fonction culturelle et récréative, loisir (Autres activités culturelles)",vers 1860 (Construction),"280, boulevard des Braves ; rue Saint-Louis",Terrebonne,Déclaration — Situé dans un site patrimonial (2026-05-20) | Citation — Immeuble patrimonial (2021-09-13) | Délimitation — Situé dans une aire de protection | Inventorié — --,"Recommandation ministérielle de déclaration, 2025-06-20",oui,https://www.patrimoine-culturel.gouv.qc.ca/detail.do?methode=consulter&id=232831&type=bien
232818,Hôtel de ville de Terrebonne,Services et institutions (Hôtels de ville et salles des habitants),vers 1931 (Construction) ; 2015 (Rénovation),"775, rue Saint-Jean-Baptiste",Terrebonne,Déclaration — Situé dans un site patrimonial (2026-05-20) | Citation — Immeuble patrimonial (2021-09-13) | Inventorié — --,"Recommandation ministérielle de déclaration, 2025-06-20",oui,https://www.patrimoine-culturel.gouv.qc.ca/detail.do?methode=consulter&id=232818&type=bien
238832,Jardin Masson,"Fonction culturelle et récréative, loisir (Squares, parcs urbains et grands jardins)",,rue Saint-Louis,Terrebonne,Déclaration — Situé dans un site patrimonial (2026-05-20) | Délimitation — Situé dans une aire de protection | Inventorié — --,"Recommandation ministérielle de déclaration, 2025-06-20",non,https://www.patrimoine-culturel.gouv.qc.ca/detail.do?methode=consulter&id=238832&type=bien
232783,Magasin Joseph-Guay,Fonction commerciale (Commerces de vente au détail > Magasins et grands magasins) ; Fonction résidentielle (Maisons rurales et urbaines),vers 1925 (Construction),"155, rue Saint-André ; 157, rue Saint-André ; 159, rue Saint-André",Terrebonne,Déclaration — Situé dans un site patrimonial (2026-05-20) | Inventorié — -- | Délimitation — Situé dans une aire de protection,"Recommandation ministérielle de déclaration, 2025-06-20",non,https://www.patrimoine-culturel.gouv.qc.ca/detail.do?methode=consulter&id=232783&type=bien
110132,Maison Alexandre et Joseph Roussil,Fonction résidentielle (Maisons rurales et urbaines) ; Services et institutions (Ateliers d'artisans et d'artistes),vers 1825 – vers 1830 (Construction),"886, rue Saint-Louis ; 888, rue Saint-Louis",Terrebonne,Déclaration — Situé dans un site patrimonial (2026-05-20) | Citation — Immeuble patrimonial (2021-09-13) | Délimitation — Situé dans une aire de protection,"Recommandation ministérielle de déclaration, 2025-06-20",oui,https://www.patrimoine-culturel.gouv.qc.ca/detail.do?methode=consulter&id=110132&type=bien
97533,Maison Alexandre-Henri-Masson,Fonction résidentielle (Maisons rurales et urbaines),vers 1892 (Construction),"938, rue Saint-Louis",Terrebonne,Déclaration — Situé dans un site patrimonial (2026-05-20) | Délimitation — Situé dans une aire de protection (1970-06-03),"Recommandation ministérielle de déclaration, 2025-06-20",non,https://www.patrimoine-culturel.gouv.qc.ca/detail.do?methode=consulter&id=97533&type=bien
232866,Maison Bouc-Chapleau,Fonction résidentielle (Maisons rurales et urbaines),vers 1800 – vers 1830 (Construction),"924, rue Saint-Louis",Terrebonne,Déclaration — Situé dans un site patrimonial (2026-05-20) | Citation — Immeuble patrimonial (2021-09-13) | Inventorié — --,"Recommandation ministérielle de déclaration, 2025-06-20",oui,https://www.patrimoine-culturel.gouv.qc.ca/detail.do?methode=consulter&id=232866&type=bien
92501,Maison Bélisle,Fonction résidentielle (Maisons rurales et urbaines),1759 (Construction) ; 1999 (Incendie) ; 2002 – 2003 (Restauration),"844, rue Saint-François-Xavier",Terrebonne,Classement — Immeuble patrimonial (1973-10-30) | Délimitation — Aire de protection (1973-10-30) | Déclaration — Situé dans un site patrimonial (2026-05-20),"1 - Extérieur exceptionnel | 5 - Intérieur supérieur | Recommandation ministérielle de déclaration, 2025-06-20",oui,https://www.patrimoine-culturel.gouv.qc.ca/detail.do?methode=consulter&id=92501&type=bien
119936,Maison Damase-Dubois,Fonction résidentielle (Maisons rurales et urbaines),vers 1850 (Construction),"850, rue Saint-Louis ; 852, rue Saint-Louis",Terrebonne,Déclaration — Situé dans un site patrimonial (2026-05-20) | Citation — Immeuble patrimonial (2021-09-13) | Délimitation — Situé dans une aire de protection,"Recommandation ministérielle de déclaration, 2025-06-20",oui,https://www.patrimoine-culturel.gouv.qc.ca/detail.do?methode=consulter&id=119936&type=bien
110496,Maison Delorme-Bouc,"Fonction industrielle, transformation des minéraux et fabrication de produits finis (Autres fabriques) ; Services et institutions (Hôtels de ville et salles des habitants) ; Services et institutions (Palais de justice et bureaux d'enregistrement)",1740 (Construction) ; 1795 (Construction) ; 1989 (Restauration),"273, boulevard des Braves ; 275, boulevard des Braves",Terrebonne,Déclaration — Situé dans un site patrimonial (2026-05-20) | Citation — Immeuble patrimonial (2021-09-13) | Délimitation — Situé dans une aire de protection,"Recommandation ministérielle de déclaration, 2025-06-20",oui,https://www.patrimoine-culturel.gouv.qc.ca/detail.do?methode=consulter&id=110496&type=bien
210444,Maison Ernest-Séraphin-Mathieu,Fonction résidentielle (Maisons rurales et urbaines),vers 1907 (Construction),"792, rue Saint-Louis",Terrebonne,Déclaration — Situé dans un site patrimonial (2026-05-20) | Citation — Immeuble patrimonial (2021-10-13) | Délimitation — Situé dans une aire de protection,"Recommandation ministérielle de déclaration, 2025-06-20",oui,https://www.patrimoine-culturel.gouv.qc.ca/detail.do?methode=consulter&id=210444&type=bien
232782,Maison Eugène-Labelle,Fonction résidentielle (Maisons rurales et urbaines),vers 1923 (Construction),"148, rue Saint-André",Terrebonne,Déclaration — Situé dans un site patrimonial (2026-05-20) | Inventorié — -- | Délimitation — Situé dans une aire de protection,"Recommandation ministérielle de déclaration, 2025-06-20",non,https://www.patrimoine-culturel.gouv.qc.ca/detail.do?methode=consulter&id=232782&type=bien
232780,Maison Guay,Fonction résidentielle (Maisons rurales et urbaines),vers 1924 (Construction),"133, rue Saint-André ; 145, rue Saint-André",Terrebonne,Déclaration — Situé dans un site patrimonial (2026-05-20) | Inventorié — --,"Recommandation ministérielle de déclaration, 2025-06-20",non,https://www.patrimoine-culturel.gouv.qc.ca/detail.do?methode=consulter&id=232780&type=bien
232815,Maison Gédéon-Marcotte,Fonction résidentielle (Maisons rurales et urbaines),1840 (Construction),"195, rue Saint-André ; 197, rue Saint-André ; 746, rue Saint-François-Xavier ; 748, rue Saint-François-Xavier",Terrebonne,Déclaration — Situé dans un site patrimonial (2026-05-20) | Inventorié — -- | Délimitation — Situé dans une aire de protection,"Recommandation ministérielle de déclaration, 2025-06-20",non,https://www.patrimoine-culturel.gouv.qc.ca/detail.do?methode=consulter&id=232815&type=bien
232870,Maison Hercule-Masson,Fonction résidentielle (Maisons rurales et urbaines),vers 1880 – vers 1900 (Construction),"969, rue Saint-Louis ; 971, rue Saint-Louis",Terrebonne,Déclaration — Situé dans un site patrimonial (2026-05-20) | Délimitation — Situé dans une aire de protection (1978-05-06) | Citation — Immeuble patrimonial (2021-09-13) | Inventorié — --,"Recommandation ministérielle de déclaration, 2025-06-20",oui,https://www.patrimoine-culturel.gouv.qc.ca/detail.do?methode=consulter&id=232870&type=bien
232788,Maison Hyacinthe-Dussereau,Fonction résidentielle (Maisons rurales et urbaines),vers 1870 (Construction),"251, rue Saint-André",Terrebonne,Déclaration — Situé dans un site patrimonial (2026-05-20) | Délimitation — Situé dans une aire de protection | Inventorié — --,"Recommandation ministérielle de déclaration, 2025-06-20",non,https://www.patrimoine-culturel.gouv.qc.ca/detail.do?methode=consulter&id=232788&type=bien
92500,Maison Joseph-Augé,Fonction résidentielle (Maisons rurales et urbaines),1798 – 1801 (Construction) ; après 1967 (Restauration),"991, rue Saint-Louis ; 993, rue Saint-Louis",Terrebonne,Classement — Immeuble patrimonial (1976-03-23) | Délimitation — Aire de protection (1978-05-06) | Déclaration — Situé dans un site patrimonial (2026-05-20),"1 - Extérieur exceptionnel | 5 - Intérieur supérieur | Recommandation ministérielle de déclaration, 2025-06-20",oui,https://www.patrimoine-culturel.gouv.qc.ca/detail.do?methode=consulter&id=92500&type=bien
232867,Maison Louis-de-Gonzague-Masson,Fonction résidentielle (Maisons rurales et urbaines),vers 1896 (Construction) ; 2019 (Restauration),"930, rue Saint-Louis",Terrebonne,Déclaration — Situé dans un site patrimonial (2026-05-20) | Citation — Immeuble patrimonial (2021-09-13) | Inventorié — --,"Recommandation ministérielle de déclaration, 2025-06-20",oui,https://www.patrimoine-culturel.gouv.qc.ca/detail.do?methode=consulter&id=232867&type=bien
232868,Maison Mathieu-Moody fils,Fonction résidentielle (Maisons rurales et urbaines),vers 1890 (Construction),"933, rue Saint-Louis",Terrebonne,Déclaration — Situé dans un site patrimonial (2026-05-20) | Citation — Immeuble patrimonial (2021-09-13) | Inventorié — --,"Recommandation ministérielle de déclaration, 2025-06-20",oui,https://www.patrimoine-culturel.gouv.qc.ca/detail.do?methode=consulter&id=232868&type=bien
109778,Maison Noël-Roussil,Fonction résidentielle (Maisons rurales et urbaines),vers 1829 (Construction) ; 2021 (Modification ou transformation) ; 2021 (Réaménagement intérieur),"804, rue Saint-François-Xavier ; 808, rue Saint-François-Xavier",Terrebonne,Déclaration — Situé dans un site patrimonial (2026-05-20) | Citation — Immeuble patrimonial (2021-09-13) | Délimitation — Situé dans une aire de protection,"Recommandation ministérielle de déclaration, 2025-06-20",oui,https://www.patrimoine-culturel.gouv.qc.ca/detail.do?methode=consulter&id=109778&type=bien
111522,Maison Oldham-Lacroix,Fonction résidentielle (Maisons rurales et urbaines),1805 (Construction),"774, rue Saint-Louis",Terrebonne,Déclaration — Situé dans un site patrimonial (2026-05-20) | Citation — Immeuble patrimonial (2021-09-13) | Délimitation — Situé dans une aire de protection,"Recommandation ministérielle de déclaration, 2025-06-20",oui,https://www.patrimoine-culturel.gouv.qc.ca/detail.do?methode=consulter&id=111522&type=bien
204240,Maison Prévost-Lincourt,Fonction résidentielle (Maisons rurales et urbaines),vers 1830 – vers 1840 (Construction),"885, rue Saint-François-Xavier ; 889, rue Saint-François-Xavier",Terrebonne,Déclaration — Situé dans un site patrimonial (2026-05-20) | Citation — Immeuble patrimonial (2021-09-13) | Délimitation — Situé dans une aire de protection,"Recommandation ministérielle de déclaration, 2025-06-20",oui,https://www.patrimoine-culturel.gouv.qc.ca/detail.do?methode=consulter&id=204240&type=bien
119933,Maison Raymond-Masson,Fonction résidentielle (Maisons rurales et urbaines),vers 1910 – vers 1935 (Construction),"997, rue Saint-Louis",Terrebonne,Déclaration — Situé dans un site patrimonial (2026-05-20) | Citation — Immeuble patrimonial (2021-09-13) | Délimitation — Situé dans une aire de protection,"Recommandation ministérielle de déclaration, 2025-06-20",oui,https://www.patrimoine-culturel.gouv.qc.ca/detail.do?methode=consulter&id=119933&type=bien
92502,Maison Roussil,Fonction résidentielle (Maisons rurales et urbaines),1830 (Construction) ; 1978 – 1986 (Restauration),"870, rue Saint-Louis ; 872, rue Saint-Louis",Terrebonne,Classement — Immeuble patrimonial (1972-06-28) | Délimitation — Aire de protection (1975-07-23) | Déclaration — Situé dans un site patrimonial (2026-05-20),"1 - Extérieur exceptionnel | 4 - Intérieur exceptionnel | 9 - Terrain notable | 12 - Potentiel archéologique significatif | Recommandation ministérielle de déclaration, 2025-06-20",oui,https://www.patrimoine-culturel.gouv.qc.ca/detail.do?methode=consulter&id=92502&type=bien
232915,Maison Simon-Fraser,Fonction résidentielle (Maisons rurales et urbaines),vers 1935 (Construction),"979, rue Saint-Louis",Terrebonne,Déclaration — Situé dans un site patrimonial (2026-05-20) | Délimitation — Situé dans une aire de protection | Inventorié — --,"Recommandation ministérielle de déclaration, 2025-06-20",non,https://www.patrimoine-culturel.gouv.qc.ca/detail.do?methode=consulter&id=232915&type=bien
232816,Maison Zéphirin-Roussil,Fonction résidentielle (Maisons rurales et urbaines),vers 1850 (Construction),"839, rue Saint-François-Xavier",Terrebonne,Déclaration — Situé dans un site patrimonial (2026-05-20) | Délimitation — Situé dans une aire de protection | Inventorié — --,"Recommandation ministérielle de déclaration, 2025-06-20",non,https://www.patrimoine-culturel.gouv.qc.ca/detail.do?methode=consulter&id=232816&type=bien
162087,Manoir Fraser-McKenzie-Masson,Fonction résidentielle (Maisons rurales et urbaines),1807 (Construction),"906, rue Saint-Louis",Terrebonne,Déclaration — Situé dans un site patrimonial (2026-05-20) | Citation — Immeuble patrimonial (2021-09-13) | Délimitation — Situé dans une aire de protection,"Recommandation ministérielle de déclaration, 2025-06-20",oui,https://www.patrimoine-culturel.gouv.qc.ca/detail.do?methode=consulter&id=162087&type=bien
238742,Manoir de la Rive,Fonction résidentielle (Édifices à logements multiples),1988 (Construction),"80, rue Saint-Joseph",Terrebonne,Déclaration — Situé dans un site patrimonial (2026-05-20) | Inventorié — --,"Recommandation ministérielle de déclaration, 2025-06-20",non,https://www.patrimoine-culturel.gouv.qc.ca/detail.do?methode=consulter&id=238742&type=bien
232735,Monument des Braves de Terrebonne,"Fonction culturelle et récréative, loisir (Monuments et lieux commémoratifs)",1922 (Fabrication) ; 1922‑06‑24 (Inauguration du bien commémoratif) ; 1960 (Déménagement),"283, boulevard des Braves",Terrebonne,Déclaration — Situé dans un site patrimonial (2026-05-20) | Délimitation — Situé dans une aire de protection (1975-07-23) | Citation — Immeuble patrimonial (2021-09-13) | Inventorié — --,"Recommandation ministérielle de déclaration, 2025-06-20",oui,https://www.patrimoine-culturel.gouv.qc.ca/detail.do?methode=consulter&id=232735&type=bien
105692,Moulin neuf de l'île des Moulins,"Fonction industrielle, transformation de matières végétales et animales (Moulins à farine > Moulins à eau)",vers 1850 (Construction),"950, place de l'Île-des-Moulins",Terrebonne,Classement — Situé dans un immeuble patrimonial | Déclaration — Situé dans un site patrimonial (2026-05-20),"Recommandation ministérielle de déclaration, 2025-06-20",non,https://www.patrimoine-culturel.gouv.qc.ca/detail.do?methode=consulter&id=105692&type=bien
236508,Parc Masson,"Fonction culturelle et récréative, loisir (Squares, parcs urbains et grands jardins)",1911 (Production),boulevard des Braves ; rue Saint-Louis,Terrebonne,Déclaration — Situé dans un site patrimonial (2026-05-20) | Délimitation — Situé dans une aire de protection (1975-07-23),"Recommandation ministérielle de déclaration, 2025-06-20",non,https://www.patrimoine-culturel.gouv.qc.ca/detail.do?methode=consulter&id=236508&type=bien
238831,Parc du Souvenir,"Fonction culturelle et récréative, loisir (Squares, parcs urbains et grands jardins)",,rue Saint-Pierre,Terrebonne,Déclaration — Situé dans un site patrimonial (2026-05-20) | Inventorié — --,"Recommandation ministérielle de déclaration, 2025-06-20",non,https://www.patrimoine-culturel.gouv.qc.ca/detail.do?methode=consulter&id=238831&type=bien
232872,Presbytère anglican Saint-Michael,Services et institutions (Presbytères et bâtiments associés > Presbytères),vers 1895 (Construction),"1003, rue Saint-Louis",Terrebonne,Déclaration — Situé dans un site patrimonial (2026-05-20) | Inventorié — -- | Délimitation — Situé dans une aire de protection,"Recommandation ministérielle de déclaration, 2025-06-20",non,https://www.patrimoine-culturel.gouv.qc.ca/detail.do?methode=consulter&id=232872&type=bien
119938,Presbytère de Saint-Louis-de-France,Services et institutions (Presbytères et bâtiments associés > Presbytères),1878 (Construction),"823, rue Saint-Louis ; 825, rue Saint-Louis",Terrebonne,Déclaration — Situé dans un site patrimonial (2026-05-20) | Citation — Immeuble patrimonial (2021-09-13) | Délimitation — Situé dans une aire de protection,"Recommandation ministérielle de déclaration, 2025-06-20",oui,https://www.patrimoine-culturel.gouv.qc.ca/detail.do?methode=consulter&id=119938&type=bien
239103,Rue Saint-André,"Transport, communication et services publics (Routes et voies publiques)",,rue Saint-André,Terrebonne,Déclaration — Situé dans un site patrimonial (2026-05-20),"Recommandation ministérielle de déclaration, 2025-06-20",non,https://www.patrimoine-culturel.gouv.qc.ca/detail.do?methode=consulter&id=239103&type=bien
239098,Rue Saint-François-Xavier,"Transport, communication et services publics (Routes et voies publiques)",,rue Saint-François-Xavier,Terrebonne,Déclaration — Situé dans un site patrimonial (2026-05-20),"Recommandation ministérielle de déclaration, 2025-06-20",non,https://www.patrimoine-culturel.gouv.qc.ca/detail.do?methode=consulter&id=239098&type=bien
239099,Rue Saint-Jean-Baptiste,"Transport, communication et services publics (Routes et voies publiques)",,rue Saint-Jean-Baptiste,Terrebonne,Déclaration — Situé dans un site patrimonial (2026-05-20),"Recommandation ministérielle de déclaration, 2025-06-20",non,https://www.patrimoine-culturel.gouv.qc.ca/detail.do?methode=consulter&id=239099&type=bien
239104,Rue Saint-Joseph,"Transport, communication et services publics (Routes et voies publiques)",,rue Saint-Joseph,Terrebonne,Déclaration — Situé dans un site patrimonial (2026-05-20),"Recommandation ministérielle de déclaration, 2025-06-20",non,https://www.patrimoine-culturel.gouv.qc.ca/detail.do?methode=consulter&id=239104&type=bien
239100,Rue Saint-Louis,"Transport, communication et services publics (Routes et voies publiques)",,rue Saint-Louis,Terrebonne,Déclaration — Situé dans un site patrimonial (2026-05-20),"Recommandation ministérielle de déclaration, 2025-06-20",non,https://www.patrimoine-culturel.gouv.qc.ca/detail.do?methode=consulter&id=239100&type=bien
232094,Rue Saint-Pierre,"Transport, communication et services publics (Routes et voies publiques)",,rue Saint-Pierre,Terrebonne,Déclaration — Situé dans un site patrimonial (2026-05-20) | Délimitation — Situé dans une aire de protection,"Recommandation ministérielle de déclaration, 2025-06-20",non,https://www.patrimoine-culturel.gouv.qc.ca/detail.do?methode=consulter&id=232094&type=bien
239102,Rue Sainte-Marie,"Transport, communication et services publics (Routes et voies publiques)",,rue Sainte-Marie,Terrebonne,Déclaration — Situé dans un site patrimonial (2026-05-20),"Recommandation ministérielle de déclaration, 2025-06-20",non,https://www.patrimoine-culturel.gouv.qc.ca/detail.do?methode=consulter&id=239102&type=bien
239105,Ruelle du Passant,"Transport, communication et services publics (Routes et voies publiques)",,ruelle du Passant,Terrebonne,Déclaration — Situé dans un site patrimonial (2026-05-20),"Recommandation ministérielle de déclaration, 2025-06-20",non,https://www.patrimoine-culturel.gouv.qc.ca/detail.do?methode=consulter&id=239105&type=bien
97595,Théâtre du Vieux-Terrebonne,"Fonction culturelle et récréative, loisir (Théâtres)",2004 (Construction),"866, rue Saint-Pierre",Terrebonne,Déclaration — Situé dans un site patrimonial (2026-05-20) | Délimitation — Situé dans une aire de protection,"Recommandation ministérielle de déclaration, 2025-06-20",non,https://www.patrimoine-culturel.gouv.qc.ca/detail.do?methode=consulter&id=97595&type=bien
105690,Trois moulins de la jetée de l'île des Moulins,"Fonction industrielle, transformation de matières végétales et animales (Moulins à farine)",vers 1846 (Construction),,Terrebonne,Classement — Situé dans un immeuble patrimonial | Déclaration — Situé dans un site patrimonial (2026-05-20),"Recommandation ministérielle de déclaration, 2025-06-20",non,https://www.patrimoine-culturel.gouv.qc.ca/detail.do?methode=consulter&id=105690&type=bien
109635,École secondaire Saint-Sacrement,"Fonction résidentielle (Manoirs seigneuriaux) ; Services et institutions (Collèges, séminaires et universités) ; Services et institutions (Écoles primaires et secondaires) ; Services et institutions (Hôpitaux et autres institutions de soins de santé)",après 1848 – avant 1854 (Construction),"901, rue Saint-Louis",Terrebonne,Déclaration — Situé dans un site patrimonial (2026-05-20) | Citation — Immeuble patrimonial (2021-09-13) | Délimitation — Situé dans une aire de protection,"Recommandation ministérielle de déclaration, 2025-06-20",oui,https://www.patrimoine-culturel.gouv.qc.ca/detail.do?methode=consulter&id=109635&type=bien
165642,Édifice Ernest-Séraphin Mathieu,Fonction commerciale (Restaurants et bars) ; Fonction résidentielle (Établissement hôteliers) ; Services et institutions (Immeubles de bureaux),vers 1922 – vers 1930 (Construction),"790, rue Saint-Pierre",Terrebonne,Déclaration — Situé dans un site patrimonial (2026-05-20) | Citation — Immeuble patrimonial (2021-09-13) | Délimitation — Situé dans une aire de protection,"Recommandation ministérielle de déclaration, 2025-06-20",oui,https://www.patrimoine-culturel.gouv.qc.ca/detail.do?methode=consulter&id=165642&type=bien
232880,Édifice Louis-Lepage,Services et institutions (Bureaux de poste),1923 (Construction),"754, rue Saint-Pierre",Terrebonne,Déclaration — Situé dans un site patrimonial (2026-05-20) | Citation — Immeuble patrimonial (2021-09-13) | Inventorié — -- | Délimitation — Situé dans une aire de protection,"Recommandation ministérielle de déclaration, 2025-06-20",oui,https://www.patrimoine-culturel.gouv.qc.ca/detail.do?methode=consulter&id=232880&type=bien
109776,Église de Saint-Louis-de-France,"Services et institutions (Églises, temples, synagogues et mosquées)",vers 1877 – vers 1879 (Construction),"823, rue Saint-Louis ; 825, rue Saint-Louis",Terrebonne,Déclaration — Situé dans un site patrimonial (2026-05-20) | Citation — Immeuble patrimonial (2021-09-13) | Délimitation — Situé dans une aire de protection,"Recommandation ministérielle de déclaration, 2025-06-20",oui,https://www.patrimoine-culturel.gouv.qc.ca/detail.do?methode=consulter&id=109776&type=bien
239096,Étang Masson,"Fonction culturelle et récréative, loisir (Squares, parcs urbains et grands jardins)",,boulevard des Braves,Terrebonne,Déclaration — Situé dans un site patrimonial (2026-05-20),"Recommandation ministérielle de déclaration, 2025-06-20",non,https://www.patrimoine-culturel.gouv.qc.ca/detail.do?methode=consulter&id=239096&type=bien
232531,"1017-1021, rue Saint-Louis",Fonction résidentielle (Maisons rurales et urbaines),vers 1920 (Construction),"1017, rue Saint-Louis ; 1019, rue Saint-Louis ; 1021, rue Saint-Louis",Terrebonne,Déclaration — Situé dans un site patrimonial (2026-05-20) | Délimitation — Situé dans une aire de protection,"Recommandation ministérielle de déclaration, 2025-06-20",non,https://www.patrimoine-culturel.gouv.qc.ca/detail.do?methode=consulter&id=232531&type=bien
238730,"102-104, rue Saint-Joseph",Fonction résidentielle (Maisons rurales et urbaines),1924 (Construction),"102, rue Saint-Joseph ; 104, rue Saint-Joseph",Terrebonne,Déclaration — Situé dans un site patrimonial (2026-05-20) | Inventorié — --,"Recommandation ministérielle de déclaration, 2025-06-20",non,https://www.patrimoine-culturel.gouv.qc.ca/detail.do?methode=consulter&id=238730&type=bien
238740,"105-109, rue Saint-Joseph",Fonction résidentielle (Maisons rurales et urbaines),1930 (Construction),"105, rue Saint-Joseph ; 109, rue Saint-Joseph",Terrebonne,Déclaration — Situé dans un site patrimonial (2026-05-20) | Inventorié — --,"Recommandation ministérielle de déclaration, 2025-06-20",non,https://www.patrimoine-culturel.gouv.qc.ca/detail.do?methode=consulter&id=238740&type=bien
238768,"107, rue Saint-André",Fonction résidentielle (Maisons rurales et urbaines),1923 (Construction),"107, rue Saint-André",Terrebonne,Déclaration — Situé dans un site patrimonial (2026-05-20) | Inventorié — --,Recommandation ministérielle de déclaration,non,https://www.patrimoine-culturel.gouv.qc.ca/detail.do?methode=consulter&id=238768&type=bien
238767,"109-113, rue Saint-André",Fonction résidentielle (Maisons rurales et urbaines),1922 (Construction),"109, rue Saint-André ; 113, rue Saint-André",Terrebonne,Déclaration — Situé dans un site patrimonial (2026-05-20) | Inventorié — --,"Recommandation ministérielle de déclaration, 2025-06-20",non,https://www.patrimoine-culturel.gouv.qc.ca/detail.do?methode=consulter&id=238767&type=bien
238968,"110, rue Saint-Joseph",Fonction résidentielle (Édifices à logements multiples),1998 (Construction),"110, rue Saint-Joseph",Terrebonne,Déclaration — Situé dans un site patrimonial (2026-05-20) | Inventorié — --,"Recommandation ministérielle de déclaration, 2025-06-20",non,https://www.patrimoine-culturel.gouv.qc.ca/detail.do?methode=consulter&id=238968&type=bien
238739,"113-115, rue Saint-Joseph",Fonction résidentielle (Maisons rurales et urbaines),1930 (Construction),"113, rue Saint-Joseph ; 115, rue Saint-Joseph",Terrebonne,Déclaration — Situé dans un site patrimonial (2026-05-20) | Inventorié — --,"Recommandation ministérielle de déclaration, 2025-06-20",non,https://www.patrimoine-culturel.gouv.qc.ca/detail.do?methode=consulter&id=238739&type=bien
238738,"121-123, rue Saint-Joseph",Fonction résidentielle (Édifices à logements multiples),2015 (Construction),"121, rue Saint-Joseph ; 123, rue Saint-Joseph",Terrebonne,Déclaration — Situé dans un site patrimonial (2026-05-20) | Inventorié — --,"Recommandation ministérielle de déclaration, 2025-06-20",non,https://www.patrimoine-culturel.gouv.qc.ca/detail.do?methode=consulter&id=238738&type=bien
238766,"121-125, rue Saint-André",Fonction résidentielle (Maisons rurales et urbaines),1943 (Construction),"121, rue Saint-André ; 123, rue Saint-André ; 125, rue Saint-André",Terrebonne,Déclaration — Situé dans un site patrimonial (2026-05-20) | Inventorié — --,"Recommandation ministérielle de déclaration, 2025-06-20",non,https://www.patrimoine-culturel.gouv.qc.ca/detail.do?methode=consulter&id=238766&type=bien
238763,"122-128, rue Saint-André",Fonction résidentielle (Maisons rurales et urbaines),1928 (Construction),"122, rue Saint-André ; 124, rue Saint-André ; 126, rue Saint-André ; 128, rue Saint-André",Terrebonne,Déclaration — Situé dans un site patrimonial (2026-05-20) | Inventorié — --,"Recommandation ministérielle de déclaration, 2025-06-20",non,https://www.patrimoine-culturel.gouv.qc.ca/detail.do?methode=consulter&id=238763&type=bien
238729,"128-132, rue Saint-Joseph",Fonction résidentielle (Maisons rurales et urbaines),1925 (Construction),"128, rue Saint-Joseph ; 130, rue Saint-Joseph ; 132, rue Saint-Joseph",Terrebonne,Déclaration — Situé dans un site patrimonial (2026-05-20) | Inventorié — --,"Recommandation ministérielle de déclaration, 2025-06-20",non,https://www.patrimoine-culturel.gouv.qc.ca/detail.do?methode=consulter&id=238729&type=bien
238765,"129-131, rue Saint-André",Fonction résidentielle (Maisons rurales et urbaines),1924 (Construction),"129, rue Saint-André ; 131, rue Saint-André",Terrebonne,Déclaration — Situé dans un site patrimonial (2026-05-20) | Inventorié — --,"Recommandation ministérielle de déclaration, 2025-06-20",non,https://www.patrimoine-culturel.gouv.qc.ca/detail.do?methode=consulter&id=238765&type=bien
238762,"130-136, rue Saint-André",,,"130, rue Saint-André ; 132, rue Saint-André ; 134, rue Saint-André ; 136, rue Saint-André",Terrebonne,Déclaration — Situé dans un site patrimonial (2026-05-20) | Inventorié — --,"Recommandation ministérielle de déclaration, 2025-06-20",non,https://www.patrimoine-culturel.gouv.qc.ca/detail.do?methode=consulter&id=238762&type=bien
238737,"133, rue Saint-Joseph",Fonction résidentielle (Maisons rurales et urbaines),2010 (Construction),"133, rue Saint-Joseph",Terrebonne,Déclaration — Situé dans un site patrimonial (2026-05-20) | Inventorié — --,"Recommandation ministérielle de déclaration, 2025-06-20",non,https://www.patrimoine-culturel.gouv.qc.ca/detail.do?methode=consulter&id=238737&type=bien
165644,"138-140, rue Saint-André",Fonction résidentielle (Maisons rurales et urbaines),1922 (Construction),"138, rue Saint-André ; 140, rue Saint-André",Terrebonne,Déclaration — Situé dans un site patrimonial (2026-05-20) | Délimitation — Situé dans une aire de protection,"Recommandation ministérielle de déclaration, 2025-06-20",non,https://www.patrimoine-culturel.gouv.qc.ca/detail.do?methode=consulter&id=165644&type=bien
238734,"139, rue Saint-Joseph",Fonction résidentielle (Maisons rurales et urbaines),1930 (Construction),"139, rue Saint-Joseph",Terrebonne,Déclaration — Situé dans un site patrimonial (2026-05-20) | Inventorié — --,"Recommandation ministérielle de déclaration, 2025-06-20",non,https://www.patrimoine-culturel.gouv.qc.ca/detail.do?methode=consulter&id=238734&type=bien
238728,"140-142, rue Saint-Joseph",Fonction résidentielle (Maisons rurales et urbaines),1949 (Construction),"140, rue Saint-Joseph ; 142, rue Saint-Joseph",Terrebonne,Déclaration — Situé dans un site patrimonial (2026-05-20) | Inventorié — --,"Recommandation ministérielle de déclaration, 2025-06-20",non,https://www.patrimoine-culturel.gouv.qc.ca/detail.do?methode=consulter&id=238728&type=bien
238733,"145-147, rue Saint-Joseph",Fonction résidentielle (Maisons rurales et urbaines),1925 (Construction),"145, rue Saint-Joseph ; 147, rue Saint-Joseph",Terrebonne,Déclaration — Situé dans un site patrimonial (2026-05-20) | Inventorié — --,"Recommandation ministérielle de déclaration, 2025-06-20",non,https://www.patrimoine-culturel.gouv.qc.ca/detail.do?methode=consulter&id=238733&type=bien
238764,"147-151, rue Saint-André",Fonction résidentielle (Maisons rurales et urbaines),1950 (Construction),"147, rue Saint-André ; 149, rue Saint-André ; 151, rue Saint-André",Terrebonne,Déclaration — Situé dans un site patrimonial (2026-05-20) | Inventorié — --,"Recommandation ministérielle de déclaration, 2025-06-20",non,https://www.patrimoine-culturel.gouv.qc.ca/detail.do?methode=consulter&id=238764&type=bien
238732,"157-161, rue Saint-Joseph",Fonction résidentielle (Maisons rurales et urbaines),1935 (Construction),"157, rue Saint-Joseph ; 161, rue Saint-Joseph",Terrebonne,Déclaration — Situé dans un site patrimonial (2026-05-20) | Inventorié — --,"Recommandation ministérielle de déclaration, 2025-06-20",non,https://www.patrimoine-culturel.gouv.qc.ca/detail.do?methode=consulter&id=238732&type=bien
238779,"178, rue Sainte-Marie",Fonction résidentielle (Maisons rurales et urbaines),1953 (Construction),"178, rue Sainte-Marie",Terrebonne,Déclaration — Situé dans un site patrimonial (2026-05-20) | Délimitation — Situé dans une aire de protection | Inventorié — --,"Recommandation ministérielle de déclaration, 2025-06-20",non,https://www.patrimoine-culturel.gouv.qc.ca/detail.do?methode=consulter&id=238779&type=bien
113703,"180, rue Sainte-Marie",Services et institutions (Immeubles de bureaux),2008 (Construction),"180, rue Sainte-Marie",Terrebonne,Déclaration — Situé dans un site patrimonial (2026-05-20) | Délimitation — Situé dans une aire de protection,"Recommandation ministérielle de déclaration, 2025-06-20",non,https://www.patrimoine-culturel.gouv.qc.ca/detail.do?methode=consulter&id=113703&type=bien
109766,"181-183, rue Sainte-Marie",Fonction résidentielle (Maisons rurales et urbaines),1869 (Construction),"181, rue Sainte-Marie ; 183, rue Sainte-Marie",Terrebonne,Déclaration — Situé dans un site patrimonial (2026-05-20) | Délimitation — Situé dans une aire de protection,"Recommandation ministérielle de déclaration, 2025-06-20",non,https://www.patrimoine-culturel.gouv.qc.ca/detail.do?methode=consulter&id=109766&type=bien
238725,"181-185, rue Saint-Joseph",Fonction résidentielle (Maisons rurales et urbaines),1930 (Construction),"181, rue Saint-Joseph ; 185, rue Saint-Joseph",Terrebonne,Déclaration — Situé dans un site patrimonial (2026-05-20) | Inventorié — --,"Recommandation ministérielle de déclaration, 2025-06-20",non,https://www.patrimoine-culturel.gouv.qc.ca/detail.do?methode=consulter&id=238725&type=bien
238719,"182-184, rue Saint-Joseph",Fonction résidentielle (Maisons rurales et urbaines),1950 (Construction),"182, rue Saint-Joseph ; 184, rue Saint-Joseph",Terrebonne,Déclaration — Situé dans un site patrimonial (2026-05-20) | Inventorié — --,"Recommandation ministérielle de déclaration, 2025-06-20",non,https://www.patrimoine-culturel.gouv.qc.ca/detail.do?methode=consulter&id=238719&type=bien
238760,"184-186, rue Saint-André",Fonction résidentielle (Maisons rurales et urbaines),1930 (Construction),"184, rue Saint-André ; 186, rue Saint-André",Terrebonne,Déclaration — Situé dans un site patrimonial (2026-05-20) | Délimitation — Situé dans une aire de protection | Inventorié — --,"Recommandation ministérielle de déclaration, 2025-06-20",non,https://www.patrimoine-culturel.gouv.qc.ca/detail.do?methode=consulter&id=238760&type=bien
238761,"185-187, rue Saint-André",Fonction résidentielle (Maisons rurales et urbaines),1910 (Construction),"185, rue Saint-André ; 187, rue Saint-André",Terrebonne,Déclaration — Situé dans un site patrimonial (2026-05-20) | Inventorié — -- | Délimitation — Situé dans une aire de protection,"Recommandation ministérielle de déclaration, 2025-06-20",non,https://www.patrimoine-culturel.gouv.qc.ca/detail.do?methode=consulter&id=238761&type=bien
238780,"185-189, rue Sainte-Marie",Fonction résidentielle (Maisons rurales et urbaines),1885 (Construction),"185, rue Sainte-Marie ; 187, rue Sainte-Marie ; 189, rue Sainte-Marie",Terrebonne,Déclaration — Situé dans un site patrimonial (2026-05-20) | Délimitation — Situé dans une aire de protection | Inventorié — --,"Recommandation ministérielle de déclaration, 2025-06-20",non,https://www.patrimoine-culturel.gouv.qc.ca/detail.do?methode=consulter&id=238780&type=bien
119944,"186, rue Sainte-Marie",Fonction résidentielle (Maisons rurales et urbaines),1952 (Construction),"186, rue Sainte-Marie",Terrebonne,Déclaration — Situé dans un site patrimonial (2026-05-20) | Délimitation — Situé dans une aire de protection,"Recommandation ministérielle de déclaration, 2025-06-20",non,https://www.patrimoine-culturel.gouv.qc.ca/detail.do?methode=consulter&id=119944&type=bien
213676,"187-195, boulevard des Braves",Fonction résidentielle (Maisons rurales et urbaines),1984 (Construction),"187, boulevard des Braves ; 189, boulevard des Braves ; 191, boulevard des Braves ; 193, boulevard des Braves ; 195, boulevard des Braves",Terrebonne,Déclaration — Situé dans un site patrimonial (2026-05-20) | Délimitation — Situé dans une aire de protection,"Recommandation ministérielle de déclaration, 2025-06-20",non,https://www.patrimoine-culturel.gouv.qc.ca/detail.do?methode=consulter&id=213676&type=bien
238721,"189-193, rue Saint-Joseph",Fonction résidentielle (Maisons rurales et urbaines),1950 (Construction),"189, rue Saint-Joseph ; 191, rue Saint-Joseph ; 193, rue Saint-Joseph",Terrebonne,Déclaration — Situé dans un site patrimonial (2026-05-20) | Inventorié — --,"Recommandation ministérielle de déclaration, 2025-06-20",non,https://www.patrimoine-culturel.gouv.qc.ca/detail.do?methode=consulter&id=238721&type=bien
238759,"190, rue Saint-André",Fonction résidentielle (Maisons rurales et urbaines),1920 (Construction),"190, rue Saint-André",Terrebonne,Déclaration — Situé dans un site patrimonial (2026-05-20) | Inventorié — -- | Délimitation — Situé dans une aire de protection,"Recommandation ministérielle de déclaration, 2025-06-20",non,https://www.patrimoine-culturel.gouv.qc.ca/detail.do?methode=consulter&id=238759&type=bien
232784,"191, rue Saint-André",Fonction commerciale (Commerces de vente au détail > Magasins et grands magasins) ; Fonction résidentielle (Maisons rurales et urbaines),vers 1910 (Construction),"191, rue Saint-André",Terrebonne,Déclaration — Situé dans un site patrimonial (2026-05-20) | Citation — Immeuble patrimonial (2021-09-13) | Inventorié — -- | Délimitation — Situé dans une aire de protection,"Recommandation ministérielle de déclaration, 2025-06-20",oui,https://www.patrimoine-culturel.gouv.qc.ca/detail.do?methode=consulter&id=232784&type=bien
238718,"192, rue Saint-Joseph",Fonction résidentielle (Maisons rurales et urbaines),1925 (Construction),"192, rue Saint-Joseph",Terrebonne,Déclaration — Situé dans un site patrimonial (2026-05-20) | Inventorié — --,"Recommandation ministérielle de déclaration, 2025-06-20",non,https://www.patrimoine-culturel.gouv.qc.ca/detail.do?methode=consulter&id=238718&type=bien
162093,"192-198, rue Saint-André",Fonction résidentielle (Maisons rurales et urbaines),,"192, rue Saint-André ; 194, rue Saint-André ; 196, rue Saint-André ; 198, rue Saint-André",Terrebonne,Déclaration — Situé dans un site patrimonial (2026-05-20) | Délimitation — Situé dans une aire de protection,"Recommandation ministérielle de déclaration, 2025-06-20",non,https://www.patrimoine-culturel.gouv.qc.ca/detail.do?methode=consulter&id=162093&type=bien
185246,"193-195, rue Sainte-Marie / 770-772, rue Saint-François-Xavier",Fonction commerciale (Commerces de vente au détail > Magasins et grands magasins) ; Fonction résidentielle (Maisons rurales et urbaines),vers 1900 – vers 1930 (Construction),"770, rue Saint-François-Xavier ; 772, rue Saint-François-Xavier ; 193, rue Sainte-Marie ; 195, rue Sainte-Marie",Terrebonne,Déclaration — Situé dans un site patrimonial (2026-05-20) | Délimitation — Situé dans une aire de protection,"Recommandation ministérielle de déclaration, 2025-06-20",non,https://www.patrimoine-culturel.gouv.qc.ca/detail.do?methode=consulter&id=185246&type=bien
232829,"200, rue Saint-Joseph",Fonction résidentielle (Maisons rurales et urbaines),vers 1874 (Construction),"200, rue Saint-Joseph",Terrebonne,Déclaration — Situé dans un site patrimonial (2026-05-20) | Inventorié — --,"Recommandation ministérielle de déclaration, 2025-06-20",non,https://www.patrimoine-culturel.gouv.qc.ca/detail.do?methode=consulter&id=232829&type=bien
109775,"201-203, rue Saint-André",Fonction résidentielle (Maisons rurales et urbaines),1900 (Construction),"201, rue Saint-André ; 203, rue Saint-André",Terrebonne,Déclaration — Situé dans un site patrimonial (2026-05-20) | Délimitation — Situé dans une aire de protection,"Recommandation ministérielle de déclaration, 2025-06-20",non,https://www.patrimoine-culturel.gouv.qc.ca/detail.do?methode=consulter&id=109775&type=bien
238717,"201-203, rue Saint-Joseph",Fonction résidentielle (Maisons rurales et urbaines),1930 (Construction),"201, rue Saint-Joseph ; 203, rue Saint-Joseph",Terrebonne,Déclaration — Situé dans un site patrimonial (2026-05-20) | Inventorié — --,"Recommandation ministérielle de déclaration, 2025-06-20",non,https://www.patrimoine-culturel.gouv.qc.ca/detail.do?methode=consulter&id=238717&type=bien
196723,"202-206, rue Saint-André",Fonction résidentielle (Maisons rurales et urbaines),vers 1900 (Construction),"202, rue Saint-André ; 204, rue Saint-André ; 206, rue Saint-André",Terrebonne,Déclaration — Situé dans un site patrimonial (2026-05-20) | Délimitation — Situé dans une aire de protection,"Recommandation ministérielle de déclaration, 2025-06-20",non,https://www.patrimoine-culturel.gouv.qc.ca/detail.do?methode=consulter&id=196723&type=bien
236849,"202-210, rue Sainte-Marie",Fonction résidentielle (Maisons rurales et urbaines),1990 (Construction),"202, rue Sainte-Marie ; 208, rue Sainte-Marie ; 210, rue Sainte-Marie",Terrebonne,Déclaration — Situé dans un site patrimonial (2026-05-20) | Délimitation — Situé dans une aire de protection,"Recommandation ministérielle de déclaration, 2025-06-20",non,https://www.patrimoine-culturel.gouv.qc.ca/detail.do?methode=consulter&id=236849&type=bien
114981,"203-205, rue Sainte-Marie / 765-773, rue Saint-François-Xavier",Fonction résidentielle (Maisons rurales et urbaines),vers 1900 (Construction),"765, rue Saint-François-Xavier ; 769, rue Saint-François-Xavier ; 773, rue Saint-François-Xavier ; 203, rue Sainte-Marie ; 205, rue Sainte-Marie",Terrebonne,Déclaration — Situé dans un site patrimonial (2026-05-20) | Délimitation — Situé dans une aire de protection,"Recommandation ministérielle de déclaration, 2025-06-20",non,https://www.patrimoine-culturel.gouv.qc.ca/detail.do?methode=consulter&id=114981&type=bien
238758,"211, rue Saint-André",Fonction résidentielle (Maisons rurales et urbaines),1900 (Construction),"211, rue Saint-André",Terrebonne,Déclaration — Situé dans un site patrimonial (2026-05-20) | Délimitation — Situé dans une aire de protection | Inventorié — --,"Recommandation ministérielle de déclaration, 2025-06-20",non,https://www.patrimoine-culturel.gouv.qc.ca/detail.do?methode=consulter&id=238758&type=bien
238778,"211-215, rue Sainte-Marie",Fonction résidentielle (Maisons rurales et urbaines),1870 (Construction),"211, rue Sainte-Marie ; 215, rue Sainte-Marie",Terrebonne,Déclaration — Situé dans un site patrimonial (2026-05-20) | Inventorié — -- | Délimitation — Situé dans une aire de protection,"Recommandation ministérielle de déclaration, 2025-06-20",non,https://www.patrimoine-culturel.gouv.qc.ca/detail.do?methode=consulter&id=238778&type=bien
184874,"212-216, rue Saint-André",Fonction résidentielle (Maisons rurales et urbaines),1890 (Construction),"212, rue Saint-André ; 214, rue Saint-André ; 216, rue Saint-André",Terrebonne,Déclaration — Situé dans un site patrimonial (2026-05-20) | Délimitation — Situé dans une aire de protection,"Recommandation ministérielle de déclaration, 2025-06-20",non,https://www.patrimoine-culturel.gouv.qc.ca/detail.do?methode=consulter&id=184874&type=bien
232830,"215, rue Saint-Joseph",Fonction résidentielle (Maisons rurales et urbaines),vers 1867 – vers 1887 (Construction) ; 2007 (Agrandissement),"215, rue Saint-Joseph",Terrebonne,Déclaration — Situé dans un site patrimonial (2026-05-20) | Inventorié — --,"Recommandation ministérielle de déclaration, 2025-06-20",non,https://www.patrimoine-culturel.gouv.qc.ca/detail.do?methode=consulter&id=232830&type=bien
238773,"222-224, rue Sainte-Marie",Fonction résidentielle (Maisons rurales et urbaines),1860 (Construction),"222, rue Sainte-Marie ; 224, rue Sainte-Marie",Terrebonne,Déclaration — Situé dans un site patrimonial (2026-05-20) | Citation — Immeuble patrimonial (2021-09-13) | Délimitation — Situé dans une aire de protection | Inventorié — --,"Recommandation ministérielle de déclaration, 2025-06-20",oui,https://www.patrimoine-culturel.gouv.qc.ca/detail.do?methode=consulter&id=238773&type=bien
238753,"222-226, rue Saint-André",Fonction résidentielle (Maisons rurales et urbaines),1870 (Construction),"222, rue Saint-André ; 224, rue Saint-André ; 226, rue Saint-André",Terrebonne,Déclaration — Situé dans un site patrimonial (2026-05-20) | Délimitation — Situé dans une aire de protection | Inventorié — --,"Recommandation ministérielle de déclaration, 2025-06-20",non,https://www.patrimoine-culturel.gouv.qc.ca/detail.do?methode=consulter&id=238753&type=bien
238777,"223-225, rue Sainte-Marie",Fonction résidentielle (Maisons rurales et urbaines),1935 (Construction),"223, rue Sainte-Marie ; 225, rue Sainte-Marie",Terrebonne,Déclaration — Situé dans un site patrimonial (2026-05-20) | Inventorié — -- | Délimitation — Situé dans une aire de protection,"Recommandation ministérielle de déclaration, 2025-06-20",non,https://www.patrimoine-culturel.gouv.qc.ca/detail.do?methode=consulter&id=238777&type=bien
238716,"225-227, rue Saint-Joseph",Fonction résidentielle (Maisons rurales et urbaines),1929 (Construction),"225, rue Saint-Joseph ; 227, rue Saint-Joseph",Terrebonne,Déclaration — Situé dans un site patrimonial (2026-05-20) | Inventorié — --,"Recommandation ministérielle de déclaration, 2025-06-20",non,https://www.patrimoine-culturel.gouv.qc.ca/detail.do?methode=consulter&id=238716&type=bien
238781,"227, boulevard des Braves",Fonction résidentielle (Édifices à logements multiples),vers 1900 (Construction),"227, boulevard des Braves",Terrebonne,Déclaration — Situé dans un site patrimonial (2026-05-20) | Délimitation — Situé dans une aire de protection | Inventorié — --,"Recommandation ministérielle de déclaration, 2025-06-20",non,https://www.patrimoine-culturel.gouv.qc.ca/detail.do?methode=consulter&id=238781&type=bien
238757,"227-231, rue Saint-André",Fonction résidentielle (Maisons rurales et urbaines),1994 (Construction),"227, rue Saint-André ; 229, rue Saint-André ; 231, rue Saint-André",Terrebonne,Déclaration — Situé dans un site patrimonial (2026-05-20) | Inventorié — -- | Délimitation — Situé dans une aire de protection,"Recommandation ministérielle de déclaration, 2025-06-20",non,https://www.patrimoine-culturel.gouv.qc.ca/detail.do?methode=consulter&id=238757&type=bien
238710,"228, rue Saint-Joseph",Fonction résidentielle (Maisons rurales et urbaines),1930 (Construction),"228, rue Saint-Joseph",Terrebonne,Déclaration — Situé dans un site patrimonial (2026-05-20) | Inventorié — --,"Recommandation ministérielle de déclaration, 2025-06-20",non,https://www.patrimoine-culturel.gouv.qc.ca/detail.do?methode=consulter&id=238710&type=bien
238776,"231, rue Sainte-Marie",Fonction résidentielle (Maisons rurales et urbaines),1960 (Construction),"231, rue Sainte-Marie",Terrebonne,Déclaration — Situé dans un site patrimonial (2026-05-20) | Délimitation — Situé dans une aire de protection | Inventorié — --,"Recommandation ministérielle de déclaration, 2025-06-20",non,https://www.patrimoine-culturel.gouv.qc.ca/detail.do?methode=consulter&id=238776&type=bien
238715,"231-237, rue Saint-Joseph",Fonction résidentielle (Maisons rurales et urbaines),1930 (Construction),"231, rue Saint-Joseph ; 237, rue Saint-Joseph",Terrebonne,Déclaration — Situé dans un site patrimonial (2026-05-20) | Inventorié — --,"Recommandation ministérielle de déclaration, 2025-06-20",non,https://www.patrimoine-culturel.gouv.qc.ca/detail.do?methode=consulter&id=238715&type=bien
238772,"232-234, rue Sainte-Marie",Fonction résidentielle (Maisons rurales et urbaines),1925 (Construction),"232, rue Sainte-Marie ; 234, rue Sainte-Marie",Terrebonne,Déclaration — Situé dans un site patrimonial (2026-05-20) | Inventorié — -- | Délimitation — Situé dans une aire de protection,"Recommandation ministérielle de déclaration, 2025-06-20",non,https://www.patrimoine-culturel.gouv.qc.ca/detail.do?methode=consulter&id=238772&type=bien
232785,"233, rue Saint-André",Fonction résidentielle (Maisons rurales et urbaines),vers 1870 (Construction),"233, rue Saint-André",Terrebonne,Déclaration — Situé dans un site patrimonial (2026-05-20) | Inventorié — -- | Délimitation — Situé dans une aire de protection,"Recommandation ministérielle de déclaration, 2025-06-20",non,https://www.patrimoine-culturel.gouv.qc.ca/detail.do?methode=consulter&id=232785&type=bien
238709,"234, rue Saint-Joseph",Fonction résidentielle (Maisons rurales et urbaines),2020 (Construction),"234, rue Saint-Joseph",Terrebonne,Déclaration — Situé dans un site patrimonial (2026-05-20) | Inventorié — --,"Recommandation ministérielle de déclaration, 2025-06-20",non,https://www.patrimoine-culturel.gouv.qc.ca/detail.do?methode=consulter&id=238709&type=bien
196169,"235-237, rue Sainte-Marie",Fonction résidentielle (Maisons rurales et urbaines),1925 (Construction),"235, rue Sainte-Marie ; 237, rue Sainte-Marie",Terrebonne,Déclaration — Situé dans un site patrimonial (2026-05-20) | Délimitation — Situé dans une aire de protection,"Recommandation ministérielle de déclaration, 2025-06-20",non,https://www.patrimoine-culturel.gouv.qc.ca/detail.do?methode=consulter&id=196169&type=bien
238708,"236, rue Saint-Joseph",Fonction résidentielle (Maisons rurales et urbaines),2020 (Construction),"236, rue Saint-Joseph",Terrebonne,Déclaration — Situé dans un site patrimonial (2026-05-20) | Inventorié — --,"Recommandation ministérielle de déclaration, 2025-06-20",non,https://www.patrimoine-culturel.gouv.qc.ca/detail.do?methode=consulter&id=238708&type=bien
238707,"238, rue Saint-Joseph",Fonction résidentielle (Maisons rurales et urbaines),2020 (Construction),"238, rue Saint-Joseph",Terrebonne,Déclaration — Situé dans un site patrimonial (2026-05-20) | Inventorié — --,"Recommandation ministérielle de déclaration, 2025-06-20",non,https://www.patrimoine-culturel.gouv.qc.ca/detail.do?methode=consulter&id=238707&type=bien
109765,"238-240, rue Sainte-Marie",Fonction résidentielle (Maisons rurales et urbaines),1920 (Construction),"238, rue Sainte-Marie ; 240, rue Sainte-Marie",Terrebonne,Déclaration — Situé dans un site patrimonial (2026-05-20) | Délimitation — Situé dans une aire de protection,"Recommandation ministérielle de déclaration, 2025-06-20",non,https://www.patrimoine-culturel.gouv.qc.ca/detail.do?methode=consulter&id=109765&type=bien
232786,"240-244, rue Saint-André",Fonction résidentielle (Maisons rurales et urbaines),1920 (Construction),"240, rue Saint-André ; 242, rue Saint-André ; 244, rue Saint-André",Terrebonne,Déclaration — Situé dans un site patrimonial (2026-05-20) | Inventorié — -- | Délimitation — Situé dans une aire de protection,"Recommandation ministérielle de déclaration, 2025-06-20",non,https://www.patrimoine-culturel.gouv.qc.ca/detail.do?methode=consulter&id=232786&type=bien
238714,"241, rue Saint-Joseph",Fonction résidentielle (Maisons rurales et urbaines),1995 (Construction),"241, rue Saint-Joseph",Terrebonne,Déclaration — Situé dans un site patrimonial (2026-05-20) | Inventorié — --,"Recommandation ministérielle de déclaration, 2025-06-20",non,https://www.patrimoine-culturel.gouv.qc.ca/detail.do?methode=consulter&id=238714&type=bien
109764,"241-243, rue Sainte-Marie",Fonction résidentielle (Maisons rurales et urbaines),1945 (Construction),"241, rue Sainte-Marie ; 243, rue Sainte-Marie",Terrebonne,Déclaration — Situé dans un site patrimonial (2026-05-20) | Délimitation — Situé dans une aire de protection,"Recommandation ministérielle de déclaration, 2025-06-20",non,https://www.patrimoine-culturel.gouv.qc.ca/detail.do?methode=consulter&id=109764&type=bien
238771,"242-244, rue Sainte-Marie",Fonction résidentielle (Maisons rurales et urbaines),1870 (Construction),"242, rue Sainte-Marie ; 244, rue Sainte-Marie",Terrebonne,Déclaration — Situé dans un site patrimonial (2026-05-20) | Inventorié — -- | Délimitation — Situé dans une aire de protection,"Recommandation ministérielle de déclaration, 2025-06-20",non,https://www.patrimoine-culturel.gouv.qc.ca/detail.do?methode=consulter&id=238771&type=bien
238756,"243, rue Saint-André",Fonction résidentielle (Maisons rurales et urbaines),1965 (Construction),"243, rue Saint-André",Terrebonne,Déclaration — Situé dans un site patrimonial (2026-05-20) | Délimitation — Situé dans une aire de protection | Inventorié — --,"Recommandation ministérielle de déclaration, 2025-06-20",non,https://www.patrimoine-culturel.gouv.qc.ca/detail.do?methode=consulter&id=238756&type=bien
109768,"245, boulevard des Braves",Fonction résidentielle (Maisons rurales et urbaines),1976 (Construction),"245, boulevard des Braves",Terrebonne,Déclaration — Situé dans un site patrimonial (2026-05-20) | Délimitation — Situé dans une aire de protection,"Recommandation ministérielle de déclaration, 2025-06-20",non,https://www.patrimoine-culturel.gouv.qc.ca/detail.do?methode=consulter&id=109768&type=bien
238706,"246, rue Saint-Joseph",Fonction résidentielle (Maisons rurales et urbaines),1915 (Construction),"246, rue Saint-Joseph",Terrebonne,Déclaration — Situé dans un site patrimonial (2026-05-20) | Inventorié — --,"Recommandation ministérielle de déclaration, 2025-06-20",non,https://www.patrimoine-culturel.gouv.qc.ca/detail.do?methode=consulter&id=238706&type=bien
119940,"246-248, rue Sainte-Marie",Fonction résidentielle (Maisons rurales et urbaines),1910 (Construction),"246, rue Sainte-Marie ; 248, rue Sainte-Marie",Terrebonne,Déclaration — Situé dans un site patrimonial (2026-05-20) | Délimitation — Situé dans une aire de protection,"Recommandation ministérielle de déclaration, 2025-06-20",non,https://www.patrimoine-culturel.gouv.qc.ca/detail.do?methode=consulter&id=119940&type=bien
238775,"249-253, rue Sainte-Marie",Fonction résidentielle (Maisons rurales et urbaines),1884 (Construction),"249, rue Sainte-Marie ; 251, rue Sainte-Marie ; 253, rue Sainte-Marie",Terrebonne,Déclaration — Situé dans un site patrimonial (2026-05-20) | Délimitation — Situé dans une aire de protection | Inventorié — --,"Recommandation ministérielle de déclaration, 2025-06-20",non,https://www.patrimoine-culturel.gouv.qc.ca/detail.do?methode=consulter&id=238775&type=bien
232787,"250, rue Saint-André",Fonction résidentielle (Maisons rurales et urbaines),vers 1870 (Construction),"250, rue Saint-André",Terrebonne,Déclaration — Situé dans un site patrimonial (2026-05-20) | Citation — Immeuble patrimonial (2021-09-13) | Délimitation — Situé dans une aire de protection | Inventorié — --,"Recommandation ministérielle de déclaration, 2025-06-20",oui,https://www.patrimoine-culturel.gouv.qc.ca/detail.do?methode=consulter&id=232787&type=bien
238713,"251, rue Saint-Joseph",Fonction résidentielle (Maisons rurales et urbaines),1930 (Construction),"251, rue Saint-Joseph",Terrebonne,Déclaration — Situé dans un site patrimonial (2026-05-20) | Inventorié — --,"Recommandation ministérielle de déclaration, 2025-06-20",non,https://www.patrimoine-culturel.gouv.qc.ca/detail.do?methode=consulter&id=238713&type=bien
238705,"252, rue Saint-Joseph",Fonction résidentielle (Maisons rurales et urbaines),1930 (Construction),"252, rue Saint-Joseph",Terrebonne,Déclaration — Situé dans un site patrimonial (2026-05-20) | Inventorié — --,"Recommandation ministérielle de déclaration, 2025-06-20",non,https://www.patrimoine-culturel.gouv.qc.ca/detail.do?methode=consulter&id=238705&type=bien
238755,"255, rue Saint-André",Fonction résidentielle (Maisons rurales et urbaines),1920 (Construction),"255, rue Saint-André",Terrebonne,Déclaration — Situé dans un site patrimonial (2026-05-20) | Inventorié — -- | Délimitation — Situé dans une aire de protection,"Recommandation ministérielle de déclaration, 2025-06-20",non,https://www.patrimoine-culturel.gouv.qc.ca/detail.do?methode=consulter&id=238755&type=bien
114956,"255-259, rue Sainte-Marie",Fonction résidentielle (Maisons rurales et urbaines),1935 (Construction),"255, rue Sainte-Marie ; 257, rue Sainte-Marie ; 259, rue Sainte-Marie",Terrebonne,Déclaration — Situé dans un site patrimonial (2026-05-20) | Délimitation — Situé dans une aire de protection,"Recommandation ministérielle de déclaration, 2025-06-20",non,https://www.patrimoine-culturel.gouv.qc.ca/detail.do?methode=consulter&id=114956&type=bien
109770,"255-265, boulevard des Braves",Fonction résidentielle (Édifices à logements multiples),2009 (Construction),"255, boulevard des Braves ; 265, boulevard des Braves",Terrebonne,Déclaration — Situé dans un site patrimonial (2026-05-20) | Délimitation — Situé dans une aire de protection,"Recommandation ministérielle de déclaration, 2025-06-20",non,https://www.patrimoine-culturel.gouv.qc.ca/detail.do?methode=consulter&id=109770&type=bien
162094,"256, rue Sainte-Marie",Fonction résidentielle (Maisons rurales et urbaines),1981 (Construction),"256, rue Sainte-Marie",Terrebonne,Déclaration — Situé dans un site patrimonial (2026-05-20) | Délimitation — Situé dans une aire de protection,"Recommandation ministérielle de déclaration, 2025-06-20",non,https://www.patrimoine-culturel.gouv.qc.ca/detail.do?methode=consulter&id=162094&type=bien
185052,"258, rue Saint-André",Fonction résidentielle (Maisons rurales et urbaines),1934 (Construction),"258, rue Saint-André",Terrebonne,Déclaration — Situé dans un site patrimonial (2026-05-20) | Délimitation — Situé dans une aire de protection,"Recommandation ministérielle de déclaration, 2025-06-20",non,https://www.patrimoine-culturel.gouv.qc.ca/detail.do?methode=consulter&id=185052&type=bien
238969,"258, rue Sainte-Marie",Fonction résidentielle (Maisons rurales et urbaines),1940 (Construction),"258, rue Sainte-Marie",Terrebonne,Déclaration — Situé dans un site patrimonial (2026-05-20) | Délimitation — Situé dans une aire de protection,"Recommandation ministérielle de déclaration, 2025-06-20",non,https://www.patrimoine-culturel.gouv.qc.ca/detail.do?methode=consulter&id=238969&type=bien
238694,"260, rue Saint-Joseph",Fonction résidentielle (Maisons rurales et urbaines),2010 (Construction),"260, rue Saint-Joseph",Terrebonne,Déclaration — Situé dans un site patrimonial (2026-05-20) | Inventorié — --,"Recommandation ministérielle de déclaration, 2025-06-20",non,https://www.patrimoine-culturel.gouv.qc.ca/detail.do?methode=consulter&id=238694&type=bien
109774,"261-263, rue Saint-André",Fonction résidentielle (Maisons rurales et urbaines),1930 (Construction),"261, rue Saint-André ; 263, rue Saint-André",Terrebonne,Déclaration — Situé dans un site patrimonial (2026-05-20) | Délimitation — Situé dans une aire de protection,"Recommandation ministérielle de déclaration, 2025-06-20",non,https://www.patrimoine-culturel.gouv.qc.ca/detail.do?methode=consulter&id=109774&type=bien
238712,"261-263, rue Saint-Joseph",Fonction résidentielle (Maisons rurales et urbaines),1930 (Construction),"261, rue Saint-Joseph ; 263, rue Saint-Joseph",Terrebonne,Déclaration — Situé dans un site patrimonial (2026-05-20) | Inventorié — --,"Recommandation ministérielle de déclaration, 2025-06-20",non,https://www.patrimoine-culturel.gouv.qc.ca/detail.do?methode=consulter&id=238712&type=bien
236851,"265-271, rue Sainte-Marie",Fonction résidentielle (Maisons rurales et urbaines),1884 (Construction),"265, rue Sainte-Marie ; 267, rue Sainte-Marie ; 269, rue Sainte-Marie ; 271, rue Sainte-Marie",Terrebonne,Déclaration — Situé dans un site patrimonial (2026-05-20) | Délimitation — Situé dans une aire de protection,"Recommandation ministérielle de déclaration, 2025-06-20",non,https://www.patrimoine-culturel.gouv.qc.ca/detail.do?methode=consulter&id=236851&type=bien
238749,"266, rue Saint-André",Fonction résidentielle (Maisons rurales et urbaines),1870 (Construction),"266, rue Saint-André",Terrebonne,Déclaration — Situé dans un site patrimonial (2026-05-20) | Délimitation — Situé dans une aire de protection | Inventorié — --,"Recommandation ministérielle de déclaration, 2025-06-20",non,https://www.patrimoine-culturel.gouv.qc.ca/detail.do?methode=consulter&id=238749&type=bien
236850,"266, rue Sainte-Marie",Fonction résidentielle (Maisons rurales et urbaines),1870 (Construction),"266, rue Sainte-Marie",Terrebonne,Déclaration — Situé dans un site patrimonial (2026-05-20) | Délimitation — Situé dans une aire de protection,"Recommandation ministérielle de déclaration, 2025-06-20",non,https://www.patrimoine-culturel.gouv.qc.ca/detail.do?methode=consulter&id=236850&type=bien
238695,"268, rue Saint-Joseph",Fonction résidentielle (Maisons rurales et urbaines),2010 (Construction),"268, rue Saint-Joseph",Terrebonne,Déclaration — Situé dans un site patrimonial (2026-05-20) | Inventorié — --,"Recommandation ministérielle de déclaration, 2025-06-20",non,https://www.patrimoine-culturel.gouv.qc.ca/detail.do?methode=consulter&id=238695&type=bien
111609,"271, boulevard des Braves",Fonction commerciale (Restaurants et bars),1972 (Construction),"271, boulevard des Braves",Terrebonne,Déclaration — Situé dans un site patrimonial (2026-05-20) | Délimitation — Situé dans une aire de protection,"Recommandation ministérielle de déclaration, 2025-06-20",non,https://www.patrimoine-culturel.gouv.qc.ca/detail.do?methode=consulter&id=111609&type=bien
238711,"271-273, rue Saint-Joseph",Fonction résidentielle (Maisons rurales et urbaines),1930 (Construction),"271, rue Saint-Joseph ; 273, rue Saint-Joseph",Terrebonne,Déclaration — Situé dans un site patrimonial (2026-05-20) | Inventorié — --,"Recommandation ministérielle de déclaration, 2025-06-20",non,https://www.patrimoine-culturel.gouv.qc.ca/detail.do?methode=consulter&id=238711&type=bien
238754,"273-277, rue Saint-André",Fonction résidentielle (Maisons rurales et urbaines),1960 (Construction),"273, rue Saint-André ; 275, rue Saint-André ; 277, rue Saint-André",Terrebonne,Déclaration — Situé dans un site patrimonial (2026-05-20) | Inventorié — --,"Recommandation ministérielle de déclaration, 2025-06-20",non,https://www.patrimoine-culturel.gouv.qc.ca/detail.do?methode=consulter&id=238754&type=bien
185245,"278, rue Sainte-Marie",Fonction résidentielle (Maisons rurales et urbaines),vers 1870 (Construction),"278, rue Sainte-Marie",Terrebonne,Déclaration — Situé dans un site patrimonial (2026-05-20) | Délimitation — Situé dans une aire de protection,"Recommandation ministérielle de déclaration, 2025-06-20",non,https://www.patrimoine-culturel.gouv.qc.ca/detail.do?methode=consulter&id=185245&type=bien
238774,"279-283, rue Sainte-Marie",Fonction résidentielle (Maisons rurales et urbaines),2018 (Construction),"279, rue Sainte-Marie ; 281, rue Sainte-Marie ; 283, rue Sainte-Marie",Terrebonne,Déclaration — Situé dans un site patrimonial (2026-05-20) | Inventorié — -- | Délimitation — Situé dans une aire de protection,"Recommandation ministérielle de déclaration, 2025-06-20",non,https://www.patrimoine-culturel.gouv.qc.ca/detail.do?methode=consulter&id=238774&type=bien
109767,"280-284, rue Sainte-Marie",Fonction résidentielle (Maisons rurales et urbaines),1945 (Construction),"280, rue Sainte-Marie ; 284, rue Sainte-Marie",Terrebonne,Déclaration — Situé dans un site patrimonial (2026-05-20) | Délimitation — Situé dans une aire de protection,"Recommandation ministérielle de déclaration, 2025-06-20",non,https://www.patrimoine-culturel.gouv.qc.ca/detail.do?methode=consulter&id=109767&type=bien
113742,"281-283, boulevard des Braves",Fonction commerciale (Commerces de vente au détail > Magasins et grands magasins),1994 (Construction),"281, boulevard des Braves ; 283, boulevard des Braves",Terrebonne,Déclaration — Situé dans un site patrimonial (2026-05-20) | Délimitation — Situé dans une aire de protection,"Recommandation ministérielle de déclaration, 2025-06-20",non,https://www.patrimoine-culturel.gouv.qc.ca/detail.do?methode=consulter&id=113742&type=bien
238970,"676-678, rue Saint-François-Xavier",Fonction résidentielle (Maisons rurales et urbaines),1944 (Construction),"676, rue Saint-François-Xavier ; 678, rue Saint-François-Xavier",Terrebonne,Déclaration — Situé dans un site patrimonial (2026-05-20) | Inventorié — --,"Recommandation ministérielle de déclaration, 2025-06-20",non,https://www.patrimoine-culturel.gouv.qc.ca/detail.do?methode=consulter&id=238970&type=bien
232813,"681, rue Saint-François-Xavier",Fonction résidentielle (Maisons rurales et urbaines),vers 1880 – vers 1890 (Construction),"681, rue Saint-François-Xavier",Terrebonne,Déclaration — Situé dans un site patrimonial (2026-05-20) | Inventorié — --,"Recommandation ministérielle de déclaration, 2025-06-20",non,https://www.patrimoine-culturel.gouv.qc.ca/detail.do?methode=consulter&id=232813&type=bien
238815,"681-687, rue Saint-Louis",Fonction résidentielle (Édifices à logements multiples),1935 (Construction),"681, rue Saint-Louis ; 683, rue Saint-Louis ; 685, rue Saint-Louis ; 687, rue Saint-Louis",Terrebonne,Déclaration — Situé dans un site patrimonial (2026-05-20) | Inventorié — --,"Recommandation ministérielle de déclaration, 2025-06-20",non,https://www.patrimoine-culturel.gouv.qc.ca/detail.do?methode=consulter&id=238815&type=bien
238736,"684-690, rue Saint-Jean-Baptiste / 83-85, rue Saint-Joseph",Fonction résidentielle (Édifices à logements multiples),1992 (Construction),"684, rue Saint-Jean-Baptiste ; 686, rue Saint-Jean-Baptiste ; 688, rue Saint-Jean-Baptiste ; 690, rue Saint-Jean-Baptiste ; 83, rue Saint-Joseph ; 85, rue Saint-Joseph",Terrebonne,Déclaration — Situé dans un site patrimonial (2026-05-20) | Inventorié — --,"Recommandation ministérielle de déclaration, 2025-06-20",non,https://www.patrimoine-culturel.gouv.qc.ca/detail.do?methode=consulter&id=238736&type=bien
238972,"692, rue Saint-Pierre",Services et institutions (Immeubles de bureaux),1970 (Construction),"692, rue Saint-Pierre",Terrebonne,Déclaration — Situé dans un site patrimonial (2026-05-20) | Inventorié — --,"Recommandation ministérielle de déclaration, 2025-06-20",non,https://www.patrimoine-culturel.gouv.qc.ca/detail.do?methode=consulter&id=238972&type=bien
238726,"693, rue Saint-Pierre / 179, rue Saint-Joseph",Fonction résidentielle (Maisons rurales et urbaines),1920 (Construction),"179, rue Saint-Joseph ; 693, rue Saint-Pierre",Terrebonne,Déclaration — Situé dans un site patrimonial (2026-05-20) | Inventorié — --,"Recommandation ministérielle de déclaration, 2025-06-20",non,https://www.patrimoine-culturel.gouv.qc.ca/detail.do?methode=consulter&id=238726&type=bien
238809,"696-698, rue Saint-Louis / 279, rue Saint-Joseph",Fonction résidentielle (Édifices à logements multiples),1956 (Construction),"279, rue Saint-Joseph ; 696, rue Saint-Louis ; 698, rue Saint-Louis",Terrebonne,Déclaration — Situé dans un site patrimonial (2026-05-20) | Inventorié — --,"Recommandation ministérielle de déclaration, 2025-06-20",non,https://www.patrimoine-culturel.gouv.qc.ca/detail.do?methode=consulter&id=238809&type=bien
238816,"699, rue Saint-Louis",Fonction résidentielle (Édifices à logements multiples),1955 (Construction),"699, rue Saint-Louis",Terrebonne,Déclaration — Situé dans un site patrimonial (2026-05-20) | Inventorié — --,"Recommandation ministérielle de déclaration, 2025-06-20",non,https://www.patrimoine-culturel.gouv.qc.ca/detail.do?methode=consulter&id=238816&type=bien
238720,"701-703, rue Saint-Pierre / 178-204, rue Saint-Joseph",Fonction résidentielle (Maisons rurales et urbaines),1966 (Construction),"178, rue Saint-Joseph ; 204, rue Saint-Joseph ; 701, rue Saint-Pierre ; 703, rue Saint-Pierre",Terrebonne,Déclaration — Situé dans un site patrimonial (2026-05-20) | Inventorié — --,"Recommandation ministérielle de déclaration, 2025-06-20",non,https://www.patrimoine-culturel.gouv.qc.ca/detail.do?methode=consulter&id=238720&type=bien
238727,"704-710, rue Saint-Pierre / 160-172, rue Saint-Joseph",Fonction résidentielle (Maisons rurales et urbaines),2009 (Construction),"160, rue Saint-Joseph ; 166, rue Saint-Joseph ; 168, rue Saint-Joseph ; 172, rue Saint-Joseph ; 704, rue Saint-Pierre ; 706, rue Saint-Pierre ; 710, rue Saint-Pierre",Terrebonne,Déclaration — Situé dans un site patrimonial (2026-05-20) | Inventorié — --,"Recommandation ministérielle de déclaration, 2025-06-20",non,https://www.patrimoine-culturel.gouv.qc.ca/detail.do?methode=consulter&id=238727&type=bien
238731,"705, rue Saint-Jean-Baptiste / 92, rue Saint-Joseph",Fonction résidentielle (Maisons rurales et urbaines),1928 (Construction),"705, rue Saint-Jean-Baptiste ; 92, rue Saint-Joseph",Terrebonne,Déclaration — Situé dans un site patrimonial (2026-05-20) | Inventorié — --,"Recommandation ministérielle de déclaration, 2025-06-20",non,https://www.patrimoine-culturel.gouv.qc.ca/detail.do?methode=consulter&id=238731&type=bien
238817,"705, rue Saint-Louis",Fonction résidentielle (Maisons rurales et urbaines),1925 (Construction),"705, rue Saint-Louis",Terrebonne,Déclaration — Situé dans un site patrimonial (2026-05-20) | Inventorié — --,"Recommandation ministérielle de déclaration, 2025-06-20",non,https://www.patrimoine-culturel.gouv.qc.ca/detail.do?methode=consulter&id=238817&type=bien
238798,"709-711, rue Saint-Pierre",Fonction résidentielle (Maisons rurales et urbaines),1930 (Construction),"709, rue Saint-Pierre ; 711, rue Saint-Pierre",Terrebonne,Déclaration — Situé dans un site patrimonial (2026-05-20) | Inventorié — --,"Recommandation ministérielle de déclaration, 2025-06-20",non,https://www.patrimoine-culturel.gouv.qc.ca/detail.do?methode=consulter&id=238798&type=bien
238810,"710, rue Saint-Louis / 278, rue Saint-Joseph",Fonction résidentielle (Maisons rurales et urbaines),1904 (Construction),"278, rue Saint-Joseph ; 710, rue Saint-Louis",Terrebonne,Déclaration — Situé dans un site patrimonial (2026-05-20) | Inventorié — --,"Recommandation ministérielle de déclaration, 2025-06-20",non,https://www.patrimoine-culturel.gouv.qc.ca/detail.do?methode=consulter&id=238810&type=bien
238818,"711-713, rue Saint-Louis",Fonction résidentielle (Maisons rurales et urbaines),1930 (Construction),"711, rue Saint-Louis ; 713, rue Saint-Louis",Terrebonne,Déclaration — Situé dans un site patrimonial (2026-05-20) | Inventorié — --,"Recommandation ministérielle de déclaration, 2025-06-20",non,https://www.patrimoine-culturel.gouv.qc.ca/detail.do?methode=consulter&id=238818&type=bien
238745,"711-715, rue Saint-Jean-Baptiste",Fonction résidentielle (Maisons rurales et urbaines),1923 (Construction),"711, rue Saint-Jean-Baptiste ; 713, rue Saint-Jean-Baptiste ; 715, rue Saint-Jean-Baptiste",Terrebonne,Déclaration — Situé dans un site patrimonial (2026-05-20) | Inventorié — --,"Recommandation ministérielle de déclaration, 2025-06-20",non,https://www.patrimoine-culturel.gouv.qc.ca/detail.do?methode=consulter&id=238745&type=bien
238807,"713, rue Saint-François-Xavier",Fonction résidentielle (Maisons rurales et urbaines),1952 (Construction),"713, rue Saint-François-Xavier",Terrebonne,Déclaration — Situé dans un site patrimonial (2026-05-20) | Inventorié — --,"Recommandation ministérielle de déclaration, 2025-06-20",non,https://www.patrimoine-culturel.gouv.qc.ca/detail.do?methode=consulter&id=238807&type=bien
238793,"714-716, rue Saint-Pierre",Fonction résidentielle (Maisons rurales et urbaines),1950 (Construction),"714, rue Saint-Pierre ; 716, rue Saint-Pierre",Terrebonne,Déclaration — Situé dans un site patrimonial (2026-05-20) | Inventorié — --,"Recommandation ministérielle de déclaration, 2025-06-20",non,https://www.patrimoine-culturel.gouv.qc.ca/detail.do?methode=consulter&id=238793&type=bien
238819,"717-719, rue Saint-Louis",Fonction résidentielle (Maisons rurales et urbaines),1930 (Construction),"717, rue Saint-Louis ; 719, rue Saint-Louis",Terrebonne,Déclaration — Situé dans un site patrimonial (2026-05-20) | Inventorié — --,"Recommandation ministérielle de déclaration, 2025-06-20",non,https://www.patrimoine-culturel.gouv.qc.ca/detail.do?methode=consulter&id=238819&type=bien
238797,"719-721, rue Saint-Pierre",Fonction résidentielle (Maisons rurales et urbaines),1900 (Construction),"719, rue Saint-Pierre ; 721, rue Saint-Pierre",Terrebonne,Déclaration — Situé dans un site patrimonial (2026-05-20) | Inventorié — --,"Recommandation ministérielle de déclaration, 2025-06-20",non,https://www.patrimoine-culturel.gouv.qc.ca/detail.do?methode=consulter&id=238797&type=bien
238811,"720, rue Saint-Louis",Fonction résidentielle (Maisons rurales et urbaines),1987 (Construction),"720, rue Saint-Louis",Terrebonne,Déclaration — Situé dans un site patrimonial (2026-05-20) | Inventorié — --,"Recommandation ministérielle de déclaration, 2025-06-20",non,https://www.patrimoine-culturel.gouv.qc.ca/detail.do?methode=consulter&id=238811&type=bien
238806,"721, rue Saint-François-Xavier",Fonction commerciale (Commerces de vente au détail > Magasins et grands magasins),1985 (Construction),"721, rue Saint-François-Xavier",Terrebonne,Déclaration — Situé dans un site patrimonial (2026-05-20) | Inventorié — --,"Recommandation ministérielle de déclaration, 2025-06-20",non,https://www.patrimoine-culturel.gouv.qc.ca/detail.do?methode=consulter&id=238806&type=bien
238821,"721-723, rue Saint-Louis",Fonction résidentielle (Maisons rurales et urbaines),1900 (Construction),"721, rue Saint-Louis ; 723, rue Saint-Louis",Terrebonne,Déclaration — Situé dans un site patrimonial (2026-05-20) | Inventorié — --,"Recommandation ministérielle de déclaration, 2025-06-20",non,https://www.patrimoine-culturel.gouv.qc.ca/detail.do?methode=consulter&id=238821&type=bien
238790,"722-724, rue Saint-Pierre",Fonction résidentielle (Maisons rurales et urbaines),1935 (Construction),"722, rue Saint-Pierre ; 724, rue Saint-Pierre",Terrebonne,Déclaration — Situé dans un site patrimonial (2026-05-20) | Inventorié — --,"Recommandation ministérielle de déclaration, 2025-06-20",non,https://www.patrimoine-culturel.gouv.qc.ca/detail.do?methode=consulter&id=238790&type=bien
238808,"724, rue Saint-François-Xavier",Fonction résidentielle (Maisons rurales et urbaines),1900 (Construction),"724, rue Saint-François-Xavier",Terrebonne,Déclaration — Situé dans un site patrimonial (2026-05-20) | Inventorié — --,"Recommandation ministérielle de déclaration, 2025-06-20",non,https://www.patrimoine-culturel.gouv.qc.ca/detail.do?methode=consulter&id=238808&type=bien
238812,"724-726, rue Saint-Louis",Fonction résidentielle (Maisons rurales et urbaines),1910 (Construction),"724, rue Saint-Louis ; 726, rue Saint-Louis",Terrebonne,Déclaration — Situé dans un site patrimonial (2026-05-20) | Inventorié — --,"Recommandation ministérielle de déclaration, 2025-06-20",non,https://www.patrimoine-culturel.gouv.qc.ca/detail.do?methode=consulter&id=238812&type=bien
238746,"729, rue Saint-Jean-Baptiste",Fonction résidentielle (Maisons rurales et urbaines),1930 (Construction),"729, rue Saint-Jean-Baptiste",Terrebonne,Déclaration — Situé dans un site patrimonial (2026-05-20) | Inventorié — --,"Recommandation ministérielle de déclaration, 2025-06-20",non,https://www.patrimoine-culturel.gouv.qc.ca/detail.do?methode=consulter&id=238746&type=bien
238796,"729-731, rue Saint-Pierre",Fonction résidentielle (Maisons rurales et urbaines),1946 (Construction),"729, rue Saint-Pierre ; 731, rue Saint-Pierre",Terrebonne,Déclaration — Situé dans un site patrimonial (2026-05-20) | Inventorié — --,"Recommandation ministérielle de déclaration, 2025-06-20",non,https://www.patrimoine-culturel.gouv.qc.ca/detail.do?methode=consulter&id=238796&type=bien
238813,"730, rue Saint-Louis",Services et institutions (Immeubles de bureaux),1961 (Construction),"730, rue Saint-Louis",Terrebonne,Déclaration — Situé dans un site patrimonial (2026-05-20) | Inventorié — --,"Recommandation ministérielle de déclaration, 2025-06-20",non,https://www.patrimoine-culturel.gouv.qc.ca/detail.do?methode=consulter&id=238813&type=bien
238805,"731, rue Saint-François-Xavier",Fonction résidentielle (Maisons rurales et urbaines),1955 (Construction),"731, rue Saint-François-Xavier",Terrebonne,Déclaration — Situé dans un site patrimonial (2026-05-20) | Inventorié — --,"Recommandation ministérielle de déclaration, 2025-06-20",non,https://www.patrimoine-culturel.gouv.qc.ca/detail.do?methode=consulter&id=238805&type=bien
238747,"731-737, rue Saint-Jean-Baptiste",Fonction résidentielle (Maisons rurales et urbaines),1950 (Construction),"731, rue Saint-Jean-Baptiste ; 733, rue Saint-Jean-Baptiste ; 735, rue Saint-Jean-Baptiste ; 737, rue Saint-Jean-Baptiste",Terrebonne,Déclaration — Situé dans un site patrimonial (2026-05-20) | Inventorié — --,"Recommandation ministérielle de déclaration, 2025-06-20",non,https://www.patrimoine-culturel.gouv.qc.ca/detail.do?methode=consulter&id=238747&type=bien
238789,"732, rue Saint-Pierre",Fonction résidentielle (Maisons rurales et urbaines),1927 (Construction),"732, rue Saint-Pierre",Terrebonne,Déclaration — Situé dans un site patrimonial (2026-05-20) | Inventorié — --,"Recommandation ministérielle de déclaration, 2025-06-20",non,https://www.patrimoine-culturel.gouv.qc.ca/detail.do?methode=consulter&id=238789&type=bien
238822,"735, rue Saint-Louis",Fonction résidentielle (Maisons rurales et urbaines),1910 (Construction),"735, rue Saint-Louis",Terrebonne,Déclaration — Situé dans un site patrimonial (2026-05-20) | Inventorié — --,"Recommandation ministérielle de déclaration, 2025-06-20",non,https://www.patrimoine-culturel.gouv.qc.ca/detail.do?methode=consulter&id=238822&type=bien
238795,"737-739, rue Saint-Pierre",Fonction résidentielle (Maisons rurales et urbaines),1930 (Construction),"737, rue Saint-Pierre ; 739, rue Saint-Pierre",Terrebonne,Déclaration — Situé dans un site patrimonial (2026-05-20) | Inventorié — --,"Recommandation ministérielle de déclaration, 2025-06-20",non,https://www.patrimoine-culturel.gouv.qc.ca/detail.do?methode=consulter&id=238795&type=bien
232814,"738-740, rue Saint-François-Xavier",Fonction résidentielle (Maisons rurales et urbaines),vers 1906 (Construction),"738, rue Saint-François-Xavier ; 740, rue Saint-François-Xavier",Terrebonne,Déclaration — Situé dans un site patrimonial (2026-05-20) | Délimitation — Situé dans une aire de protection | Inventorié — --,"Recommandation ministérielle de déclaration, 2025-06-20",non,https://www.patrimoine-culturel.gouv.qc.ca/detail.do?methode=consulter&id=232814&type=bien
238794,"741, rue Saint-Pierre",Fonction résidentielle (Édifices à logements multiples),1970 (Construction),"741, rue Saint-Pierre",Terrebonne,Déclaration — Situé dans un site patrimonial (2026-05-20) | Inventorié — -- | Délimitation — Situé dans une aire de protection,"Recommandation ministérielle de déclaration, 2025-06-20",non,https://www.patrimoine-culturel.gouv.qc.ca/detail.do?methode=consulter&id=238794&type=bien
238788,"742-744, rue Saint-Pierre",Fonction commerciale (Restaurants et bars),1950 (Construction),"742, rue Saint-Pierre ; 744, rue Saint-Pierre",Terrebonne,Déclaration — Situé dans un site patrimonial (2026-05-20) | Inventorié — --,"Recommandation ministérielle de déclaration, 2025-06-20",non,https://www.patrimoine-culturel.gouv.qc.ca/detail.do?methode=consulter&id=238788&type=bien
238823,"743, rue Saint-Louis",Fonction commerciale (Restaurants et bars),1970 (Construction),"743, rue Saint-Louis",Terrebonne,Déclaration — Situé dans un site patrimonial (2026-05-20) | Délimitation — Situé dans une aire de protection | Inventorié — --,"Recommandation ministérielle de déclaration, 2025-06-20",non,https://www.patrimoine-culturel.gouv.qc.ca/detail.do?methode=consulter&id=238823&type=bien
238814,"744, rue Saint-Louis",Fonction résidentielle (Maisons rurales et urbaines),1965 (Construction),"744, rue Saint-Louis",Terrebonne,Déclaration — Situé dans un site patrimonial (2026-05-20) | Inventorié — --,"Recommandation ministérielle de déclaration, 2025-06-20",non,https://www.patrimoine-culturel.gouv.qc.ca/detail.do?methode=consulter&id=238814&type=bien
238804,"745, rue Saint-François-Xavier",Fonction résidentielle (Bâtiments paradomestiques),présumé 1930 (Construction),"745, rue Saint-François-Xavier",Terrebonne,Déclaration — Situé dans un site patrimonial (2026-05-20) | Délimitation — Situé dans une aire de protection | Inventorié — --,"Recommandation ministérielle de déclaration, 2025-06-20",non,https://www.patrimoine-culturel.gouv.qc.ca/detail.do?methode=consulter&id=238804&type=bien
238748,"745-749, rue Saint-Jean-Baptiste",Fonction résidentielle (Maisons rurales et urbaines),1923 (Construction),"745, rue Saint-Jean-Baptiste ; 749, rue Saint-Jean-Baptiste",Terrebonne,Déclaration — Situé dans un site patrimonial (2026-05-20) | Inventorié — --,"Recommandation ministérielle de déclaration, 2025-06-20",non,https://www.patrimoine-culturel.gouv.qc.ca/detail.do?methode=consulter&id=238748&type=bien
232879,"745-749, rue Saint-Pierre / 177-179, rue Saint-André",Fonction commerciale (Commerces de vente au détail > Magasins et grands magasins) ; Fonction résidentielle (Édifices à logements multiples),vers 1905 (Construction),"177, rue Saint-André ; 179, rue Saint-André ; 745, rue Saint-Pierre ; 747, rue Saint-Pierre ; 749, rue Saint-Pierre",Terrebonne,Déclaration — Situé dans un site patrimonial (2026-05-20) | Délimitation — Situé dans une aire de protection | Inventorié — --,"Recommandation ministérielle de déclaration, 2025-06-20",non,https://www.patrimoine-culturel.gouv.qc.ca/detail.do?methode=consulter&id=232879&type=bien
238744,"746, rue Saint-Jean-Baptiste",Fonction résidentielle (Maisons rurales et urbaines),1948 (Construction),"746, rue Saint-Jean-Baptiste",Terrebonne,Déclaration — Situé dans un site patrimonial (2026-05-20) | Inventorié — --,"Recommandation ministérielle de déclaration, 2025-06-20",non,https://www.patrimoine-culturel.gouv.qc.ca/detail.do?methode=consulter&id=238744&type=bien
238787,"748, rue Saint-Pierre",Fonction résidentielle (Édifices à logements multiples),1980 (Construction),"748, rue Saint-Pierre",Terrebonne,Déclaration — Situé dans un site patrimonial (2026-05-20) | Délimitation — Situé dans une aire de protection | Inventorié — --,"Recommandation ministérielle de déclaration, 2025-06-20",non,https://www.patrimoine-culturel.gouv.qc.ca/detail.do?methode=consulter&id=238787&type=bien
238786,"753-759, rue Saint-Pierre",Fonction résidentielle (Édifices à logements multiples),1925 (Construction),"753, rue Saint-Pierre ; 759, rue Saint-Pierre",Terrebonne,Déclaration — Situé dans un site patrimonial (2026-05-20) | Inventorié — -- | Délimitation — Situé dans une aire de protection,"Recommandation ministérielle de déclaration, 2025-06-20",non,https://www.patrimoine-culturel.gouv.qc.ca/detail.do?methode=consulter&id=238786&type=bien
238803,"755-761, rue Saint-François-Xavier",Fonction résidentielle (Maisons rurales et urbaines),1910 (Construction),"755, rue Saint-François-Xavier ; 759, rue Saint-François-Xavier ; 761, rue Saint-François-Xavier",Terrebonne,Déclaration — Situé dans un site patrimonial (2026-05-20) | Inventorié — -- | Délimitation — Situé dans une aire de protection,"Recommandation ministérielle de déclaration, 2025-06-20",non,https://www.patrimoine-culturel.gouv.qc.ca/detail.do?methode=consulter&id=238803&type=bien
231552,"756, rue Saint-Louis / 284-286, rue Saint-Louis",Services et institutions (Salons funéraires et autres bâtiments associés),1973 (Construction),"284, rue Saint-André ; 286, rue Saint-André ; 756, rue Saint-Louis",Terrebonne,Déclaration — Situé dans un site patrimonial (2026-05-20) | Délimitation — Situé dans une aire de protection,"Recommandation ministérielle de déclaration, 2025-06-20",non,https://www.patrimoine-culturel.gouv.qc.ca/detail.do?methode=consulter&id=231552&type=bien
238785,"774-778, rue Saint-Pierre",Fonction résidentielle (Maisons rurales et urbaines),1923 (Construction),"774, rue Saint-Pierre ; 778, rue Saint-Pierre",Terrebonne,Déclaration — Situé dans un site patrimonial (2026-05-20) | Délimitation — Situé dans une aire de protection | Inventorié — --,"Recommandation ministérielle de déclaration, 2025-06-20",non,https://www.patrimoine-culturel.gouv.qc.ca/detail.do?methode=consulter&id=238785&type=bien
236852,"806-808, rue Saint-Louis",Fonction résidentielle (Maisons rurales et urbaines),1940 (Construction),"806, rue Saint-Louis ; 808, rue Saint-Louis",Terrebonne,Déclaration — Situé dans un site patrimonial (2026-05-20) | Délimitation — Situé dans une aire de protection,"Recommandation ministérielle de déclaration, 2025-06-20",non,https://www.patrimoine-culturel.gouv.qc.ca/detail.do?methode=consulter&id=236852&type=bien
109780,"818-820, rue Saint-François-Xavier",Fonction résidentielle (Maisons rurales et urbaines),vers 1910 (Construction),"818, rue Saint-François-Xavier ; 820, rue Saint-François-Xavier",Terrebonne,Déclaration — Situé dans un site patrimonial (2026-05-20) | Délimitation — Situé dans une aire de protection,"Recommandation ministérielle de déclaration, 2025-06-20",non,https://www.patrimoine-culturel.gouv.qc.ca/detail.do?methode=consulter&id=109780&type=bien
119935,"818-820, rue Saint-Louis",Fonction résidentielle (Maisons rurales et urbaines),1940 (Construction),"818, rue Saint-Louis ; 820, rue Saint-Louis",Terrebonne,Déclaration — Situé dans un site patrimonial (2026-05-20) | Délimitation — Situé dans une aire de protection,"Recommandation ministérielle de déclaration, 2025-06-20",non,https://www.patrimoine-culturel.gouv.qc.ca/detail.do?methode=consulter&id=119935&type=bien
238801,"819-821, rue Saint-François-Xavier",Fonction résidentielle (Maisons rurales et urbaines),1920 (Construction),"819, rue Saint-François-Xavier ; 821, rue Saint-François-Xavier",Terrebonne,Déclaration — Situé dans un site patrimonial (2026-05-20) | Délimitation — Situé dans une aire de protection | Inventorié — --,"Recommandation ministérielle de déclaration, 2025-06-20",non,https://www.patrimoine-culturel.gouv.qc.ca/detail.do?methode=consulter&id=238801&type=bien
162092,"823-825, rue Saint-Pierre",Fonction commerciale (Commerces de vente au détail > Magasins et grands magasins),1945 (Construction),"823, rue Saint-Pierre ; 825, rue Saint-Pierre",Terrebonne,Déclaration — Situé dans un site patrimonial (2026-05-20) | Délimitation — Situé dans une aire de protection,"Recommandation ministérielle de déclaration, 2025-06-20",non,https://www.patrimoine-culturel.gouv.qc.ca/detail.do?methode=consulter&id=162092&type=bien
238824,"830-832, rue Saint-Louis",Fonction résidentielle (Maisons rurales et urbaines),1955 (Construction),"830, rue Saint-Louis ; 832, rue Saint-Louis",Terrebonne,Déclaration — Situé dans un site patrimonial (2026-05-20) | Inventorié — -- | Délimitation — Situé dans une aire de protection,"Recommandation ministérielle de déclaration, 2025-06-20",non,https://www.patrimoine-culturel.gouv.qc.ca/detail.do?methode=consulter&id=238824&type=bien
238802,"838-840, rue Saint-François-Xavier",Fonction résidentielle (Maisons rurales et urbaines),1900 (Construction),"838, rue Saint-François-Xavier ; 840, rue Saint-François-Xavier",Terrebonne,Déclaration — Situé dans un site patrimonial (2026-05-20) | Inventorié — -- | Délimitation — Situé dans une aire de protection,"Recommandation ministérielle de déclaration, 2025-06-20",non,https://www.patrimoine-culturel.gouv.qc.ca/detail.do?methode=consulter&id=238802&type=bien
238784,"845-847, rue Saint-Pierre",Fonction commerciale (Restaurants et bars),1979 (Construction),"845, rue Saint-Pierre ; 847, rue Saint-Pierre",Terrebonne,Déclaration — Situé dans un site patrimonial (2026-05-20) | Inventorié — -- | Délimitation — Situé dans une aire de protection,"Recommandation ministérielle de déclaration, 2025-06-20",non,https://www.patrimoine-culturel.gouv.qc.ca/detail.do?methode=consulter&id=238784&type=bien
232859,"850, rue Saint-Louis",Fonction résidentielle (Bâtiments paradomestiques),vers 1760 (Construction),"850, rue Saint-Louis",Terrebonne,Déclaration — Situé dans un site patrimonial (2026-05-20) | Citation — Immeuble patrimonial (2021-09-13) | Délimitation — Situé dans une aire de protection,"Recommandation ministérielle de déclaration, 2025-06-20",oui,https://www.patrimoine-culturel.gouv.qc.ca/detail.do?methode=consulter&id=232859&type=bien
232817,"853, rue Saint-François-Xavier",Fonction résidentielle (Maisons rurales et urbaines),vers 1840 – vers 1860 (Construction),"853, rue Saint-François-Xavier",Terrebonne,Déclaration — Situé dans un site patrimonial (2026-05-20) | Inventorié — -- | Délimitation — Situé dans une aire de protection,"Recommandation ministérielle de déclaration, 2025-06-20",non,https://www.patrimoine-culturel.gouv.qc.ca/detail.do?methode=consulter&id=232817&type=bien
238800,"855, rue Saint-François-Xavier",Fonction résidentielle (Maisons rurales et urbaines),1879 (Construction),,Terrebonne,Déclaration — Situé dans un site patrimonial (2026-05-20) | Inventorié — -- | Délimitation — Situé dans une aire de protection,"Recommandation ministérielle de déclaration, 2025-06-20",non,https://www.patrimoine-culturel.gouv.qc.ca/detail.do?methode=consulter&id=238800&type=bien
238783,"861-867, rue Saint-Pierre",Fonction résidentielle (Édifices à logements multiples),2018 (Construction),"861, rue Saint-Pierre ; 863, rue Saint-Pierre ; 865, rue Saint-Pierre ; 867, rue Saint-Pierre",Terrebonne,Déclaration — Situé dans un site patrimonial (2026-05-20) | Inventorié — -- | Délimitation — Situé dans une aire de protection,"Recommandation ministérielle de déclaration, 2025-06-20",non,https://www.patrimoine-culturel.gouv.qc.ca/detail.do?methode=consulter&id=238783&type=bien
238799,"863-869, rue Saint-François-Xavier",Fonction résidentielle (Édifices à logements multiples),2012 (Construction),"863, rue Saint-François-Xavier ; 869, rue Saint-François-Xavier",Terrebonne,Déclaration — Situé dans un site patrimonial (2026-05-20) | Délimitation — Situé dans une aire de protection | Inventorié — --,"Recommandation ministérielle de déclaration, 2025-06-20",non,https://www.patrimoine-culturel.gouv.qc.ca/detail.do?methode=consulter&id=238799&type=bien
238770,"87-89, rue Saint-André",Fonction résidentielle (Maisons rurales et urbaines),1940 (Construction),"87, rue Saint-André ; 89, rue Saint-André",Terrebonne,Déclaration — Situé dans un site patrimonial (2026-05-20) | Inventorié — --,"Recommandation ministérielle de déclaration, 2025-06-20",non,https://www.patrimoine-culturel.gouv.qc.ca/detail.do?methode=consulter&id=238770&type=bien
109781,"874-884, rue Saint-François-Xavier",Fonction résidentielle (Édifices à logements multiples),1984 (Construction),"874, rue Saint-François-Xavier ; 876, rue Saint-François-Xavier ; 878, rue Saint-François-Xavier ; 880, rue Saint-François-Xavier ; 882, rue Saint-François-Xavier ; 884, rue Saint-François-Xavier",Terrebonne,Déclaration — Situé dans un site patrimonial (2026-05-20) | Délimitation — Situé dans une aire de protection,"Recommandation ministérielle de déclaration, 2025-06-20",non,https://www.patrimoine-culturel.gouv.qc.ca/detail.do?methode=consulter&id=109781&type=bien
238782,"877-889, rue Saint-Pierre",Fonction résidentielle (Édifices à logements multiples),1984 (Construction),"877, rue Saint-Pierre ; 879, rue Saint-Pierre ; 881, rue Saint-Pierre ; 883, rue Saint-Pierre ; 885, rue Saint-Pierre ; 887, rue Saint-Pierre ; 889, rue Saint-Pierre",Terrebonne,Déclaration — Situé dans un site patrimonial (2026-05-20) | Délimitation — Situé dans une aire de protection | Inventorié — --,"Recommandation ministérielle de déclaration, 2025-06-20",non,https://www.patrimoine-culturel.gouv.qc.ca/detail.do?methode=consulter&id=238782&type=bien
184875,"895, rue Saint-François-Xavier / 215, boulevard des Braves",Fonction commerciale (Restaurants et bars),1987 (Construction),"215, boulevard des Braves ; 891, rue Saint-François-Xavier ; 895, rue Saint-François-Xavier",Terrebonne,Déclaration — Situé dans un site patrimonial (2026-05-20) | Délimitation — Situé dans une aire de protection,"Recommandation ministérielle de déclaration, 2025-06-20",non,https://www.patrimoine-culturel.gouv.qc.ca/detail.do?methode=consulter&id=184875&type=bien
238827,"900, rue Saint-Louis",Fonction résidentielle (Maisons rurales et urbaines),1980 (Construction),"900, rue Saint-Louis",Terrebonne,Déclaration — Situé dans un site patrimonial (2026-05-20) | Délimitation — Situé dans une aire de protection | Inventorié — --,"Recommandation ministérielle de déclaration, 2025-06-20",non,https://www.patrimoine-culturel.gouv.qc.ca/detail.do?methode=consulter&id=238827&type=bien
238826,"960, rue Saint-Louis",Fonction résidentielle (Maisons rurales et urbaines),1977 (Construction),"960, rue Saint-Louis",Terrebonne,Déclaration — Situé dans un site patrimonial (2026-05-20) | Inventorié — -- | Délimitation — Situé dans une aire de protection,"Recommandation ministérielle de déclaration, 2025-06-20",non,https://www.patrimoine-culturel.gouv.qc.ca/detail.do?methode=consulter&id=238826&type=bien
97535,"963, rue Saint-Louis",Fonction résidentielle (Maisons rurales et urbaines),1909 (Construction),"963, rue Saint-Louis",Terrebonne,Déclaration — Situé dans un site patrimonial (2026-05-20) | Délimitation — Situé dans une aire de protection (1973-11-29),"Recommandation ministérielle de déclaration, 2025-06-20",non,https://www.patrimoine-culturel.gouv.qc.ca/detail.do?methode=consulter&id=97535&type=bien
238825,"981-987, rue Saint-Louis",Fonction résidentielle (Maisons rurales et urbaines),1890 (Construction),"981, rue Saint-Louis ; 987, rue Saint-Louis",Terrebonne,Déclaration — Situé dans un site patrimonial (2026-05-20) | Délimitation — Situé dans une aire de protection | Inventorié — --,"Recommandation ministérielle de déclaration, 2025-06-20",non,https://www.patrimoine-culturel.gouv.qc.ca/detail.do?methode=consulter&id=238825&type=bien
238741,"99-101, rue Saint-Joseph",Fonction résidentielle (Maisons rurales et urbaines),1930 (Construction),"101, rue Saint-Joseph ; 99, rue Saint-Joseph",Terrebonne,Déclaration — Situé dans un site patrimonial (2026-05-20) | Inventorié — --,"Recommandation ministérielle de déclaration, 2025-06-20",non,https://www.patrimoine-culturel.gouv.qc.ca/detail.do?methode=consulter&id=238741&type=bien
238769,"99-103, rue Saint-André",Fonction résidentielle (Maisons rurales et urbaines),1923 (Construction),"103, rue Saint-André ; 99, rue Saint-André",Terrebonne,Déclaration — Situé dans un site patrimonial (2026-05-20) | Inventorié — --,"Recommandation ministérielle de déclaration, 2025-06-20",non,https://www.patrimoine-culturel.gouv.qc.ca/detail.do?methode=consulter&id=238769&type=bien
